Applicant_ID,Income,Age,Loan,Loan to Income,Employment_Type,Credit_History_Years,Num_Existing_Loans,Late_Payments_24M,Credit_Utilization_Pct,EMI_Burden_Ratio_Pct,Num_Dependents,City_Tier,Savings_Balance,Default
APP100000,66155.9251,59.01701507,8106.532131,0.122536751,Salaried,22.1,2,0,72.96,1.63,1,Tier-3,4293.38,0
APP100001,34415.15397,48.1171531,6564.745018,0.190751581,Salaried,7.6,2,2,67.97,3.01,2,Tier-1,5828.36,0
APP100002,57317.17006,63.10804949,8020.953296,0.1399398,Self-Employed,30.4,1,1,45.17,1.8,1,Tier-1,10024.21,0
APP100003,42709.5342,45.75197235,6103.64226,0.142910532,Salaried,14.4,1,1,47.19,1.97,0,Tier-1,8999.89,0
APP100004,66952.68885,18.58433593,8770.099235,0.1309895,Salaried,0.1,3,1,7.87,1.14,4,Tier-2,14809.46,1
APP100005,24904.06414,57.4716071,15.49859844,0.000622332,Contract,28.7,2,0,18.48,1.0,1,Tier-2,4533.19,0
APP100006,48430.35961,26.80913242,5722.581981,0.118161047,Salaried,4.1,2,0,14.93,1.37,0,Tier-2,8626.64,0
APP100007,24500.14198,32.89754832,2971.00331,0.121264738,Contract,2.9,3,0,52.06,1.83,1,Tier-3,809.37,1
APP100008,40654.89254,55.49685254,4755.82528,0.116980392,Salaried,19.7,0,1,57.18,1.3,1,Tier-1,1839.6,0
APP100009,25075.87277,39.77637806,1409.230371,0.056198657,Contract,6.6,1,1,19.08,1.0,0,Tier-2,5187.93,0
APP100010,64131.41537,25.67957535,4351.028971,0.067845516,Salaried,4.9,0,2,30.85,1.0,3,Tier-2,4718.71,0
APP100011,59436.84712,60.47193585,9254.244538,0.155698779,Self-Employed,27.2,2,2,9.28,1.57,3,Tier-3,6049.48,0
APP100012,61050.34608,26.35504385,5893.264659,0.096531224,Self-Employed,6.2,1,1,35.28,1.06,0,Tier-1,3261.21,0
APP100013,27267.99546,61.57677582,4759.787581,0.17455583,Contract,19.7,0,1,39.56,1.82,1,Tier-3,1769.28,0
APP100014,63061.96017,39.20155289,1850.369377,0.029342085,Salaried,9.0,1,1,42.5,1.0,2,Tier-1,12508.09,0
APP100015,50501.72669,28.21836132,3977.287432,0.078755474,Salaried,6.2,0,0,47.03,1.0,0,Tier-2,4051.64,0
APP100016,43548.65471,39.57453035,3935.544453,0.090371206,Salaried,5.0,1,0,51.35,1.33,2,Tier-2,5368.59,0
APP100017,43378.17519,60.84831794,3277.737553,0.075561905,Contract,20.5,2,1,29.42,1.0,2,Tier-3,2380.79,0
APP100018,20542.36507,61.69057071,3157.44229,0.153703932,Contract,20.9,0,0,59.78,2.32,2,Tier-1,3613.89,0
APP100019,58887.35755,26.07609302,4965.516066,0.084322277,Salaried,1.6,2,0,14.96,1.0,2,Tier-1,11041.5,0
APP100020,23000.784,31.76135417,1148.118057,0.049916475,Contract,5.5,1,4,35.72,1.0,2,Tier-1,2373.43,0
APP100021,32197.6207,52.42327992,4244.057136,0.131812756,Contract,22.8,1,1,33.71,1.65,4,Tier-2,6455.36,0
APP100022,23329.31941,48.57697453,222.6222987,0.009542597,Self-Employed,20.3,0,0,40.4,1.0,1,Tier-2,1753.86,0
APP100023,27845.80089,51.9706241,4959.921226,0.178120976,Salaried,7.1,0,0,33.17,2.12,3,Tier-3,4988.24,0
APP100024,65301.98403,48.84092177,5465.267886,0.083692218,Salaried,6.3,3,1,86.95,1.05,0,Tier-2,12269.71,0
APP100025,47451.63012,27.03174131,5361.282716,0.112984163,Salaried,2.8,1,0,30.37,1.16,0,Tier-1,11520.84,0
APP100026,63287.03891,36.49697551,9595.286289,0.151615346,Salaried,12.5,2,1,8.03,2.02,0,Tier-1,4647.42,0
APP100027,45727.45987,55.83992185,6376.822949,0.139452814,Contract,8.6,1,0,20.9,1.68,2,Tier-1,1900.13,0
APP100028,59417.80541,30.8582675,2082.625938,0.035050536,Salaried,7.5,0,0,21.05,1.0,0,Tier-3,4783.02,0
APP100029,58842.89131,54.51094756,10871.18679,0.184749365,Salaried,7.7,1,2,35.63,2.7,3,Tier-3,2839.66,0
APP100030,48528.8528,43.78380863,6155.78467,0.126847933,Salaried,13.5,1,1,31.67,1.75,2,Tier-3,2864.64,0
APP100031,23526.30256,52.67101229,2862.010139,0.121651506,Contract,12.6,1,2,26.53,1.36,0,Tier-1,2278.44,0
APP100032,67252.90061,38.13190746,4221.303157,0.0627676,Salaried,12.5,1,2,71.21,1.0,2,Tier-1,7748.74,0
APP100033,58886.85129,38.66150424,7271.552032,0.123483458,Self-Employed,6.0,3,1,20.98,1.9,3,Tier-1,13417.76,0
APP100034,57584.97379,36.67202092,1728.423755,0.030015187,Self-Employed,10.0,1,0,44.42,1.0,2,Tier-2,3742.54,0
APP100035,26289.97231,20.66677873,341.146966,0.012976315,Salaried,0.8,0,0,47.72,1.0,0,Tier-3,6401.73,0
APP100036,25952.38147,58.1850173,2109.200772,0.081271955,Salaried,23.2,1,0,46.64,1.25,3,Tier-1,5354.89,0
APP100037,32464.09188,50.22500592,4326.705073,0.13327664,Salaried,21.7,0,2,36.15,1.27,2,Tier-1,7231.0,0
APP100038,60921.0631,18.84052576,968.8363827,0.015903143,Salaried,0.2,0,0,31.69,1.0,1,Tier-2,14241.65,0
APP100039,26578.53669,32.67604425,3489.843136,0.131303058,Self-Employed,9.8,0,0,66.1,1.39,1,Tier-2,5136.18,1
APP100040,66260.12156,32.89669307,7035.589107,0.106181349,Salaried,7.5,4,0,23.59,1.47,1,Tier-1,13346.07,0
APP100041,58787.45524,62.64130285,4167.786724,0.070895852,Salaried,10.1,3,2,41.73,1.09,3,Tier-3,7095.54,0
APP100042,62545.70871,49.04043324,4362.905812,0.069755478,Salaried,12.6,3,0,35.46,1.0,0,Tier-1,8594.0,0
APP100043,24381.95345,25.25233071,4227.018986,0.173366707,Self-Employed,1.8,0,2,55.39,2.71,0,Tier-3,5716.88,1
APP100044,67852.10587,47.32189906,5730.588251,0.084457043,Salaried,16.7,1,1,68.14,1.0,3,Tier-1,7260.1,0
APP100045,41725.61286,18.13003836,1185.2147,0.028404968,Self-Employed,0.1,2,0,16.83,1.0,0,Tier-1,1237.07,0
APP100046,41896.9716,47.25073103,4892.209734,0.116767622,Salaried,6.2,0,0,47.08,1.5,3,Tier-1,8188.07,0
APP100047,44379.72965,50.08867129,1814.335082,0.040882067,Self-Employed,14.6,2,0,40.12,1.0,1,Tier-1,6738.01,0
APP100048,28416.89938,57.9287193,1788.973736,0.062954572,Salaried,25.5,1,0,73.77,1.0,1,Tier-2,5894.28,0
APP100049,68427.16311,46.30824019,1658.070233,0.02423117,Salaried,20.1,2,0,42.78,1.0,0,Tier-2,2557.59,0
APP100050,35975.79493,35.70865177,6610.366179,0.183744826,Salaried,8.1,3,0,42.71,1.8,3,Tier-2,5859.86,0
APP100051,57596.3541,29.2460566,3344.384401,0.058065905,Self-Employed,8.1,1,3,60.39,1.0,2,Tier-2,4433.33,0
APP100052,29681.88309,54.95928719,1745.871674,0.058819438,Salaried,17.4,0,0,34.49,1.0,3,Tier-1,6760.1,0
APP100053,51656.93867,47.7150637,7158.13906,0.138570718,Contract,11.5,1,0,42.08,1.16,2,Tier-1,2338.99,0
APP100054,24912.84268,49.3663712,267.6962986,0.010745313,Salaried,20.7,1,0,35.61,1.0,0,Tier-3,5329.0,0
APP100055,47761.82407,50.09815907,5549.799128,0.116197386,Self-Employed,14.3,1,1,63.72,1.41,1,Tier-3,1928.02,0
APP100056,22248.1792,23.44362417,4364.975281,0.19619472,Salaried,2.4,0,1,20.09,2.62,1,Tier-1,573.39,1
APP100057,29724.47688,31.9685264,3075.345728,0.103461728,Contract,6.2,0,0,54.18,1.0,2,Tier-2,2201.5,0
APP100058,52143.82367,20.83763392,2393.099679,0.045894212,Self-Employed,1.9,2,0,66.35,1.0,3,Tier-2,5037.11,0
APP100059,56577.72286,36.84780068,5947.421721,0.105119496,Salaried,12.2,3,1,36.96,1.33,1,Tier-1,9284.5,0
APP100060,37660.77072,53.74506047,2129.597165,0.056546829,Salaried,14.0,1,0,52.67,1.0,2,Tier-2,1894.21,0
APP100061,37403.7954,47.9441217,2044.047045,0.054648119,Self-Employed,10.5,2,0,8.0,1.0,4,Tier-2,4510.37,0
APP100062,31652.69373,62.02380247,5151.070445,0.16273719,Salaried,19.6,1,0,61.0,2.44,0,Tier-1,2120.12,0
APP100063,32727.70073,34.47487101,1087.919364,0.033241546,Contract,8.1,2,0,62.45,1.0,3,Tier-1,7092.74,0
APP100064,69078.60481,25.10752405,4076.583914,0.059013698,Salaried,2.1,1,2,31.97,1.0,1,Tier-2,2096.0,0
APP100065,40622.19487,41.52718879,4949.902333,0.121852164,Contract,14.7,2,0,39.7,1.17,2,Tier-1,4138.01,0
APP100066,37521.01717,60.54107743,8.012076247,0.000213536,Salaried,18.8,0,1,45.25,1.0,0,Tier-1,6199.07,0
APP100067,30735.8085,22.24209774,5946.822297,0.193481889,Salaried,1.5,2,0,26.27,2.23,1,Tier-2,7069.55,1
APP100068,24857.69488,21.59867635,2692.163459,0.108303021,Self-Employed,0.8,2,0,26.14,1.12,0,Tier-2,5459.71,0
APP100069,33180.20159,49.56597728,4621.997742,0.139299869,Salaried,9.3,1,0,61.81,1.58,4,Tier-1,7495.21,0
APP100070,66628.26009,52.38387344,5992.885092,0.089945094,Self-Employed,24.7,3,2,24.82,1.04,2,Tier-3,2295.76,0
APP100071,38564.93213,21.21649167,5604.16999,0.145317771,Self-Employed,1.1,1,0,44.28,2.22,0,Tier-2,8230.23,1
APP100072,33704.5085,33.18310623,5898.000893,0.174991452,Self-Employed,3.8,1,0,5.78,1.54,4,Tier-1,6720.0,1
APP100073,57018.48483,44.82571531,3507.252166,0.061510792,Self-Employed,11.4,0,0,29.51,1.0,2,Tier-2,12975.09,0
APP100074,40526.90279,28.60637596,2119.984911,0.052310558,Contract,3.5,1,2,8.76,1.0,3,Tier-2,3714.8,0
APP100075,50827.98052,51.01293719,1765.983337,0.034744314,Contract,5.6,0,3,34.81,1.0,0,Tier-1,11675.49,0
APP100076,40775.8116,60.28875683,1922.610022,0.047150748,Salaried,14.5,2,0,36.41,1.0,1,Tier-2,4591.66,0
APP100077,55467.15141,56.85133096,9226.902041,0.166348944,Salaried,18.5,1,1,35.94,2.58,2,Tier-2,9198.83,0
APP100078,38789.02939,61.22928543,7650.65521,0.197237604,Contract,20.8,1,3,23.36,2.83,0,Tier-2,4560.08,0
APP100079,58074.84013,50.07492427,7388.02444,0.127215579,Salaried,11.7,1,1,79.72,1.58,1,Tier-2,6873.69,0
APP100080,57814.10634,43.8309231,7252.120004,0.12543859,Self-Employed,10.8,0,1,21.05,1.22,1,Tier-2,8425.05,0
APP100081,45190.72918,53.83952,7893.559889,0.174672107,Salaried,26.1,0,1,20.93,2.03,0,Tier-1,4603.27,0
APP100082,36801.90718,43.02794342,5406.344926,0.146903934,Self-Employed,9.4,0,0,66.42,1.99,1,Tier-1,7446.11,0
APP100083,68811.77942,24.03826535,4211.302611,0.061200316,Salaried,1.8,0,0,30.92,1.0,4,Tier-2,11404.65,0
APP100084,30483.29553,33.65644124,4514.00978,0.148081423,Contract,4.6,2,1,91.23,2.32,0,Tier-3,5445.65,1
APP100085,44930.39417,19.77738585,7708.315625,0.171561273,Salaried,0.8,1,1,26.2,2.2,0,Tier-2,3286.12,1
APP100086,43671.45655,25.58503698,8066.697865,0.184713277,Salaried,4.6,1,2,29.9,2.26,1,Tier-2,10612.27,1
APP100087,27612.9148,19.21244819,1513.6242,0.054815807,Self-Employed,0.3,1,0,11.73,1.0,2,Tier-3,4745.02,0
APP100088,53607.32693,27.5617124,2378.766173,0.0443739,Self-Employed,5.5,0,1,29.26,1.0,2,Tier-1,3503.51,0
APP100089,33036.68312,25.06336742,958.9798221,0.029027727,Contract,1.1,0,0,40.23,1.0,2,Tier-1,6363.29,0
APP100090,64275.83489,61.440913,7520.032053,0.116996256,Salaried,17.4,1,1,5.66,1.0,0,Tier-1,3853.61,0
APP100091,30673.8375,59.33383708,383.1075694,0.012489718,Contract,25.4,1,0,49.91,1.0,1,Tier-1,1060.66,0
APP100092,58793.61431,56.49441041,4391.981054,0.074701668,Self-Employed,13.6,1,1,24.48,1.0,2,Tier-2,8309.73,0
APP100093,21053.49062,63.37940765,754.6018821,0.035842127,Salaried,22.2,0,0,32.5,1.0,3,Tier-1,3101.4,0
APP100094,42095.4222,55.36618805,1183.704568,0.028119556,Salaried,10.2,1,0,34.95,1.0,2,Tier-1,2671.46,0
APP100095,50360.67879,28.83954247,4217.166823,0.083739277,Contract,6.5,1,1,36.1,1.07,0,Tier-1,5042.47,0
APP100096,41970.72448,63.16991394,1622.317392,0.038653548,Self-Employed,8.2,0,1,19.11,1.0,1,Tier-2,9969.18,0
APP100097,51663.41018,63.73571024,4147.888585,0.080286775,Self-Employed,30.3,0,0,31.66,1.0,0,Tier-3,4419.84,0
APP100098,53601.81244,20.24062127,9601.375482,0.179124083,Salaried,0.6,0,0,37.85,2.8,2,Tier-3,2989.94,1
APP100099,43439.98873,24.17947032,6879.306007,0.158363439,Salaried,4.2,1,0,54.61,1.38,0,Tier-1,10785.68,1
APP100100,51461.05317,36.65155863,7292.264177,0.141704527,Contract,6.7,0,1,42.83,2.2,0,Tier-2,4607.32,0
APP100101,41285.17231,47.97630816,2313.825005,0.05604494,Self-Employed,17.5,1,0,32.24,1.0,1,Tier-1,7285.11,0
APP100102,62895.74977,49.92260372,2001.281514,0.031819026,Salaried,10.9,1,0,17.56,1.0,1,Tier-1,4607.67,0
APP100103,57296.16082,25.70848233,10601.08278,0.185022567,Salaried,5.3,2,1,75.06,1.64,1,Tier-3,8395.48,1
APP100104,60844.09249,45.655205,12072.25576,0.198412948,Self-Employed,6.2,2,2,82.23,1.7,1,Tier-2,6622.57,0
APP100105,47634.54955,44.29487133,141.7038179,0.002974812,Salaried,6.8,0,0,19.11,1.0,2,Tier-1,11487.7,0
APP100106,23998.32369,29.91003349,3928.303909,0.163690763,Salaried,5.3,0,0,42.98,2.28,1,Tier-2,2868.89,1
APP100107,63391.61597,34.73926766,190.8892748,0.00301127,Self-Employed,3.3,1,1,78.04,1.0,1,Tier-1,9785.13,0
APP100108,21534.55122,44.31503802,228.335387,0.010603211,Salaried,7.0,1,1,29.66,1.0,1,Tier-1,5110.07,0
APP100109,28255.65251,35.51401737,2109.242798,0.074648526,Self-Employed,12.5,0,2,51.24,1.0,1,Tier-2,6993.95,0
APP100110,36496.13393,19.51571649,165.5060901,0.004534894,Self-Employed,1.1,1,1,50.67,1.0,2,Tier-1,1583.25,0
APP100111,41631.6663,53.04765477,106.0907472,0.002548319,Salaried,13.2,0,2,52.85,1.0,1,Tier-3,8821.49,0
APP100112,68762.41666,20.99124336,2796.752303,0.040672688,Self-Employed,2.1,2,2,70.32,1.0,2,Tier-2,7418.56,0
APP100113,30075.26492,29.23505652,2628.577923,0.087399992,Contract,5.4,0,1,44.62,1.06,1,Tier-3,4716.12,0
APP100114,41302.67418,38.66061858,1379.913124,0.033409777,Self-Employed,6.4,1,2,34.07,1.0,2,Tier-2,4388.87,0
APP100115,39703.75943,47.46874099,2403.478216,0.060535281,Salaried,16.8,2,0,48.46,1.0,1,Tier-2,4457.01,0
APP100116,63161.09204,59.67511498,804.0924415,0.012730819,Self-Employed,22.7,2,1,35.23,1.0,1,Tier-2,3570.95,0
APP100117,63062.1421,26.58577848,56.16616439,0.000890648,Salaried,6.4,0,0,46.66,1.0,2,Tier-1,9568.82,0
APP100118,34507.52791,38.58778339,1793.750255,0.051981419,Contract,6.4,0,1,18.79,1.0,0,Tier-2,5029.29,0
APP100119,27954.70777,29.90452167,1627.041405,0.058202769,Self-Employed,6.6,1,0,32.57,1.0,1,Tier-1,1776.57,0
APP100120,37369.38206,35.34194884,3783.601151,0.101248695,Contract,3.1,5,3,42.56,1.61,2,Tier-1,5403.54,0
APP100121,43912.06274,23.82192118,7757.136789,0.176651615,Self-Employed,1.3,2,0,49.25,1.93,0,Tier-2,10706.35,1
APP100122,22766.7745,29.32590147,1429.401762,0.062784553,Self-Employed,1.7,0,0,30.19,1.0,1,Tier-2,4196.23,0
APP100123,21603.3057,21.37503332,178.333871,0.008254934,Salaried,2.5,3,0,56.9,1.0,2,Tier-3,2821.95,0
APP100124,61952.90669,18.47742502,3635.600589,0.058683293,Salaried,0.3,0,3,26.79,1.0,4,Tier-1,14292.49,0
APP100125,36116.36509,22.53588419,1494.984568,0.04139355,Self-Employed,2.8,1,1,89.1,1.0,3,Tier-2,5501.33,0
APP100126,26157.77727,22.82693773,2295.811656,0.087767842,Self-Employed,2.2,1,0,48.34,1.2,0,Tier-3,1335.64,0
APP100127,26458.3832,59.52298674,552.3981664,0.020878002,Salaried,13.7,1,0,82.83,1.0,1,Tier-1,3861.0,0
APP100128,69156.30377,53.4108625,7364.735578,0.10649406,Salaried,8.5,2,0,41.37,1.33,0,Tier-1,4261.68,0
APP100129,39441.44476,46.75389592,1034.758838,0.026235318,Salaried,9.2,0,1,17.04,1.0,0,Tier-1,7751.27,0
APP100130,60119.06581,45.07696923,1810.96046,0.030122898,Salaried,10.2,0,1,13.95,1.0,2,Tier-3,14575.87,0
APP100131,55613.48546,24.37712877,4255.252137,0.076514754,Salaried,3.9,2,0,37.02,1.0,0,Tier-1,5727.54,0
APP100132,37049.38624,29.42301855,6056.817214,0.163479556,Self-Employed,5.4,1,0,68.8,2.12,0,Tier-1,4447.08,1
APP100133,23122.06493,53.30953584,4263.493031,0.184390669,Self-Employed,6.9,1,0,27.29,2.27,4,Tier-2,2703.99,0
APP100134,48790.13243,32.47562106,5519.09604,0.113119103,Self-Employed,2.3,3,0,8.78,1.41,3,Tier-3,4177.36,0
APP100135,59132.68516,48.34499296,4575.527635,0.077377302,Salaried,6.4,2,1,75.84,1.17,2,Tier-3,11983.91,0
APP100136,55305.57483,53.58227987,8176.707165,0.147845985,Salaried,14.1,0,2,13.74,1.6,3,Tier-2,8963.79,0
APP100137,26037.46364,24.78310779,3293.250879,0.126481247,Contract,4.8,0,1,38.76,1.22,2,Tier-3,904.33,1
APP100138,64899.80503,38.11601668,4654.249217,0.071714379,Salaried,10.7,3,0,32.42,1.0,0,Tier-1,13818.82,0
APP100139,27089.12432,21.2076896,5029.488782,0.185664502,Self-Employed,2.0,0,0,10.82,1.79,1,Tier-1,1707.44,1
APP100140,45341.47464,22.56956836,6525.218423,0.143912797,Contract,2.0,4,0,48.72,1.73,1,Tier-3,11117.95,1
APP100141,24865.79807,37.30975294,4439.116154,0.178522971,Contract,7.1,2,2,26.45,2.72,1,Tier-2,2651.5,0
APP100142,28239.54321,26.19220966,4189.832568,0.148367576,Contract,1.8,1,0,19.15,1.92,3,Tier-1,4568.69,1
APP100143,52730.0805,50.23778499,5706.325323,0.108217649,Salaried,21.8,0,0,80.8,1.61,1,Tier-2,1998.44,0
APP100144,28982.05815,39.04840987,2898.761824,0.100019185,Salaried,13.0,0,1,61.77,1.0,0,Tier-3,2877.12,0
APP100145,36221.26601,26.10150042,5094.670084,0.140654114,Self-Employed,2.0,0,2,34.62,2.14,0,Tier-3,7408.75,1
APP100146,33551.12437,58.85692749,4333.360862,0.129156949,Contract,18.7,1,0,82.22,1.66,0,Tier-3,4353.53,0
APP100147,43891.35597,49.1538267,5792.906333,0.131982852,Salaried,13.8,1,0,16.6,1.09,3,Tier-2,10009.81,0
APP100148,45148.88572,60.52500645,6455.391772,0.142980091,Salaried,22.3,1,0,29.51,1.87,2,Tier-3,6875.36,0
APP100149,58481.01216,40.83291823,5380.560596,0.092005258,Salaried,16.4,1,2,43.35,1.44,1,Tier-2,13659.5,0
APP100150,69579.92921,57.75624316,10868.24147,0.156197938,Self-Employed,19.8,2,0,52.79,1.35,1,Tier-2,17116.68,0
APP100151,52743.30857,44.04851651,2684.700671,0.050901256,Salaried,12.4,2,0,43.63,1.0,2,Tier-2,6561.04,0
APP100152,65635.66153,51.16771448,12701.60348,0.193516804,Salaried,6.0,1,0,30.13,2.97,2,Tier-2,9844.43,0
APP100153,34559.90704,29.11218199,3317.529874,0.095993599,Contract,2.1,1,1,11.91,1.0,1,Tier-1,7327.8,0
APP100154,60218.53153,32.47188772,3157.961082,0.052441682,Self-Employed,3.8,1,0,39.39,1.0,3,Tier-1,4272.66,0
APP100155,51689.54854,46.15419152,9881.976006,0.191179383,Salaried,4.8,4,2,29.4,2.26,4,Tier-2,11277.36,0
APP100156,47541.61434,55.23458507,1611.216597,0.033890658,Salaried,22.2,1,1,14.94,1.0,4,Tier-1,7423.23,0
APP100157,62905.79302,27.90965196,11423.9363,0.181603883,Self-Employed,5.8,3,3,40.47,2.36,2,Tier-1,11754.89,1
APP100158,65632.60458,47.10576675,12498.04045,0.190424265,Salaried,6.7,3,0,44.6,1.6,3,Tier-1,2518.09,0
APP100159,31847.85372,41.41633576,2913.769931,0.091490308,Self-Employed,15.3,0,0,30.9,1.28,1,Tier-1,6249.29,0
APP100160,27947.44028,58.34845518,5514.117421,0.197303129,Self-Employed,9.8,4,0,78.74,1.59,3,Tier-2,2556.66,0
APP100161,62246.72725,31.08188451,406.7207693,0.00653401,Salaried,4.3,1,2,46.75,1.0,3,Tier-1,12773.24,0
APP100162,40154.68857,60.5296832,6013.152874,0.149749708,Salaried,12.7,1,0,12.7,1.8,3,Tier-1,5505.41,0
APP100163,58627.55488,33.11565325,1215.65256,0.020735174,Salaried,5.6,2,0,34.14,1.0,3,Tier-2,4875.54,0
APP100164,33441.05107,27.87348619,5282.72856,0.157971367,Self-Employed,3.0,1,0,72.47,1.65,1,Tier-3,7996.92,1
APP100165,55603.7868,43.83947279,1411.13008,0.025378309,Self-Employed,11.5,1,0,60.14,1.0,0,Tier-1,10896.36,0
APP100166,31046.37897,29.29739875,4907.674084,0.158075571,Contract,4.5,0,0,89.16,2.45,1,Tier-1,7659.38,1
APP100167,44708.09987,21.10877357,2390.850597,0.0534769,Salaried,2.3,1,1,40.1,1.0,2,Tier-3,4641.96,0
APP100168,23340.2707,42.8286153,2707.760939,0.116012405,Contract,4.6,0,1,45.5,1.41,0,Tier-1,3951.99,0
APP100169,24830.18197,28.97024523,2046.68505,0.082427308,Contract,2.6,1,0,33.81,1.24,1,Tier-3,3989.35,0
APP100170,31422.74739,53.89808021,1686.835902,0.053681999,Contract,6.5,1,1,59.58,1.0,1,Tier-1,5597.59,0
APP100171,60477.23385,60.40210646,10711.7009,0.177119557,Salaried,22.3,2,1,16.47,2.0,2,Tier-1,1742.52,0
APP100172,26039.02149,49.39040223,2056.752382,0.078987315,Contract,5.7,0,0,13.34,1.0,3,Tier-1,2267.88,0
APP100173,36186.84807,50.50675221,1130.735265,0.031247133,Self-Employed,21.2,1,2,53.89,1.0,2,Tier-1,8292.13,0
APP100174,39772.11873,43.72544781,5492.893689,0.138109154,Salaried,11.8,2,0,71.68,1.63,2,Tier-3,4672.37,0
APP100175,34730.16407,63.37623301,818.5084419,0.023567653,Salaried,21.2,0,0,23.92,1.0,2,Tier-3,8368.17,0
APP100176,23118.48331,57.58105032,1746.936559,0.075564497,Self-Employed,19.3,0,0,26.75,1.0,3,Tier-3,1597.62,0
APP100177,50072.84763,33.01527275,8088.568019,0.16153601,Self-Employed,3.8,2,1,45.55,2.15,0,Tier-3,12488.54,1
APP100178,67465.06239,23.61105385,1802.616994,0.026719267,Self-Employed,1.5,0,0,73.45,1.0,0,Tier-3,12173.64,0
APP100179,38625.63201,19.6300378,5836.563381,0.151105965,Self-Employed,0.6,2,1,6.32,1.38,3,Tier-2,7669.91,1
APP100180,45227.48283,26.72316244,5521.507405,0.122083014,Salaried,4.4,2,2,12.47,1.43,2,Tier-3,5032.83,1
APP100181,64901.89773,44.93881585,9589.833525,0.147758908,Salaried,7.4,1,2,42.96,2.31,2,Tier-1,14837.34,0
APP100182,40543.91354,51.46087562,6507.850191,0.160513617,Salaried,7.4,1,0,43.54,1.75,1,Tier-1,5897.37,0
APP100183,27793.26672,60.51690847,382.2489041,0.013753292,Contract,31.1,3,1,7.95,1.0,1,Tier-2,4908.73,0
APP100184,61167.77482,20.58363144,10396.61815,0.16996888,Salaried,0.4,4,1,46.33,1.52,1,Tier-3,2557.17,1
APP100185,64619.66462,26.04209269,9704.782409,0.150183113,Salaried,5.1,3,1,30.1,1.94,0,Tier-2,10680.76,1
APP100186,37593.75787,54.01041531,7274.325628,0.193498231,Contract,22.4,0,1,21.04,2.48,1,Tier-3,8352.89,0
APP100187,35032.6496,56.72462562,135.9316845,0.003880143,Self-Employed,12.7,0,1,13.47,1.0,1,Tier-2,2137.17,0
APP100188,58364.46498,55.59654948,5809.899,0.099545143,Salaried,8.7,0,1,28.9,1.0,1,Tier-2,11070.39,0
APP100189,56945.81041,45.55402051,6388.369826,0.112183316,Salaried,6.5,1,0,45.51,1.07,2,Tier-3,1471.6,0
APP100190,27204.84855,29.07209672,3827.893915,0.140706312,Salaried,6.3,2,2,47.53,1.37,4,Tier-1,6339.46,1
APP100191,21648.26103,52.58703992,3558.527262,0.164379359,Salaried,18.5,1,0,64.4,2.56,2,Tier-3,5327.01,0
APP100192,31077.85689,44.2215167,4452.330679,0.143263762,Self-Employed,16.2,0,0,28.31,1.32,3,Tier-2,3153.2,0
APP100193,42522.92241,53.86865108,6790.850263,0.159698579,Self-Employed,25.6,3,2,42.09,1.32,1,Tier-2,1897.67,0
APP100194,31769.24772,44.77438059,1148.221436,0.036142544,Self-Employed,15.1,1,1,73.28,1.0,2,Tier-3,5447.55,0
APP100195,35556.77991,23.77743318,6361.973438,0.178924342,Contract,1.4,0,1,13.89,2.19,0,Tier-1,955.12,1
APP100196,52908.82424,53.69563592,9841.080553,0.186000742,Salaried,10.6,0,0,34.81,2.74,0,Tier-1,6929.57,0
APP100197,35045.13141,28.65328366,2382.466772,0.067982817,Contract,7.0,0,0,33.82,1.06,1,Tier-2,2891.55,0
APP100198,44488.16448,33.43120549,2751.088843,0.061838668,Self-Employed,4.3,0,0,36.71,1.0,1,Tier-1,5733.1,0
APP100199,41679.93712,53.66990824,395.0007751,0.009477,Salaried,6.9,0,1,23.73,1.0,2,Tier-2,1008.79,0
APP100200,54619.9472,52.42442217,10780.27188,0.197368772,Salaried,19.7,2,0,36.59,2.72,1,Tier-1,1740.78,0
APP100201,38053.62313,26.20688032,6110.572792,0.16057795,Salaried,3.2,0,0,68.99,1.62,3,Tier-3,900.9,1
APP100202,64718.66178,37.27649201,1485.079935,0.022946703,Salaried,13.5,1,0,53.0,1.0,4,Tier-1,10510.33,0
APP100203,43159.08497,62.44209669,4350.019897,0.100790364,Salaried,24.0,2,2,72.86,1.34,0,Tier-2,6422.99,0
APP100204,29445.5105,28.44567748,1758.881865,0.059733448,Contract,2.1,1,1,59.67,1.0,1,Tier-3,2167.97,0
APP100205,25817.38988,37.94548019,4115.484719,0.159407467,Self-Employed,14.3,1,4,39.05,2.14,2,Tier-3,4356.11,0
APP100206,66356.85674,61.52484883,10725.48473,0.161633405,Salaried,13.3,1,1,34.82,1.81,1,Tier-2,14821.98,0
APP100207,56676.158,46.67896953,2278.554349,0.040203049,Salaried,10.1,1,0,73.73,1.0,0,Tier-2,4748.56,0
APP100208,61000.04277,48.62361021,2160.784908,0.035422679,Salaried,12.0,0,0,16.45,1.0,2,Tier-1,12892.88,0
APP100209,58906.25169,42.04934198,9290.575345,0.157717985,Salaried,4.3,3,0,22.7,2.3,4,Tier-1,10154.09,0
APP100210,49589.15372,42.77525588,2627.405488,0.052983471,Contract,11.1,2,1,41.93,1.0,2,Tier-1,1377.52,0
APP100211,40141.60354,56.15141838,845.3663713,0.021059606,Contract,8.5,1,0,30.49,1.0,1,Tier-3,4266.43,0
APP100212,31659.72821,31.92815368,858.511388,0.027116827,Self-Employed,5.4,1,0,43.23,1.0,1,Tier-1,4330.55,0
APP100213,62658.22163,25.46316007,3343.367161,0.053358794,Salaried,2.7,1,0,22.12,1.0,1,Tier-2,11797.97,0
APP100214,39264.4835,37.02775284,5255.788283,0.13385604,Self-Employed,11.7,4,2,34.72,1.43,1,Tier-1,3378.32,0
APP100215,46643.12648,53.40508337,6440.861434,0.138088115,Salaried,22.4,2,1,12.74,1.39,1,Tier-2,11475.51,0
APP100216,30515.37212,20.16187772,415.240435,0.013607582,Contract,0.5,1,0,35.46,1.0,0,Tier-2,5414.77,0
APP100217,65077.32203,50.97913471,11061.81189,0.169979519,Self-Employed,12.2,1,0,32.1,1.91,3,Tier-3,6881.74,0
APP100218,60871.869,61.2601442,4844.172224,0.079579817,Salaried,16.2,0,1,27.46,1.03,2,Tier-1,2575.84,0
APP100219,25011.1039,36.21518966,3834.042782,0.153293625,Contract,4.4,0,0,25.08,2.31,2,Tier-1,1543.55,0
APP100220,68407.18551,60.93758158,597.9440655,0.008740954,Salaried,27.0,1,1,27.25,1.0,4,Tier-1,9039.99,0
APP100221,43727.43934,55.19259935,1170.556334,0.026769378,Self-Employed,21.4,2,0,28.07,1.0,0,Tier-1,5849.85,0
APP100222,45788.7471,41.26194623,5894.041317,0.128722485,Salaried,6.1,3,0,22.22,1.51,0,Tier-2,9000.94,0
APP100223,65705.01082,50.92843185,1969.794134,0.029979359,Salaried,12.2,0,0,46.1,1.0,3,Tier-1,12288.19,0
APP100224,32434.70251,41.35317101,2738.440496,0.084429339,Self-Employed,5.0,4,0,13.98,1.25,4,Tier-1,2150.19,0
APP100225,58121.66858,27.30180023,7531.101249,0.12957476,Salaried,4.9,1,0,26.05,1.52,1,Tier-3,9115.8,1
APP100226,62498.50725,31.9096908,3312.877622,0.053007308,Self-Employed,3.1,0,2,37.12,1.0,0,Tier-2,1546.4,0
APP100227,26090.72588,48.07852007,4255.626392,0.163108777,Self-Employed,22.3,1,1,53.83,1.93,2,Tier-1,2913.44,0
APP100228,64780.93854,20.22810118,8402.415586,0.129705061,Self-Employed,1.4,2,0,80.95,1.44,0,Tier-1,12680.49,1
APP100229,65588.40342,22.91821226,7879.738136,0.120139197,Salaried,1.9,3,0,46.84,1.47,1,Tier-1,7338.49,1
APP100230,65743.70367,52.3005041,7724.571414,0.117495227,Self-Employed,17.1,1,1,8.39,1.58,0,Tier-2,13949.97,0
APP100231,37164.52158,47.29545476,1445.802189,0.038902753,Salaried,20.4,0,1,55.53,1.0,3,Tier-2,9087.31,0
APP100232,65176.52978,48.96321098,2365.28749,0.036290479,Salaried,14.9,0,1,51.43,1.0,1,Tier-2,10406.01,0
APP100233,34615.54217,25.51438965,6476.760852,0.187105573,Salaried,1.9,1,1,38.96,2.35,3,Tier-1,1846.77,1
APP100234,59079.46505,58.6383316,10326.08977,0.174783061,Salaried,15.3,1,0,30.74,2.67,0,Tier-2,6340.75,0
APP100235,56267.17164,22.48613604,7329.243164,0.130257892,Self-Employed,2.9,2,1,37.0,2.06,1,Tier-1,1248.07,1
APP100236,34862.82129,54.96487331,6040.772062,0.173272611,Contract,19.8,0,0,49.23,1.7,4,Tier-2,5530.18,0
APP100237,60521.3641,45.42499301,8035.883173,0.132777628,Salaried,14.8,3,0,53.56,1.27,0,Tier-3,12646.59,0
APP100238,42276.78291,57.93069619,8055.305084,0.190537324,Salaried,26.8,2,0,38.76,2.56,1,Tier-1,6970.86,0
APP100239,38451.17771,63.42145549,3441.261416,0.089496905,Salaried,31.2,2,0,63.51,1.01,1,Tier-1,7720.99,0
APP100240,45985.10865,53.5338888,7382.056426,0.160531456,Contract,24.9,1,0,13.83,1.32,2,Tier-3,9379.95,0
APP100241,51000.42244,27.80299751,778.7326956,0.015269142,Salaried,2.0,1,2,28.16,1.0,0,Tier-1,11002.47,0
APP100242,31523.10777,40.44616794,5174.570569,0.164151663,Salaried,10.7,0,2,28.46,2.37,1,Tier-1,2563.86,0
APP100243,28648.67675,18.39696983,1870.925253,0.065305817,Self-Employed,0.2,1,0,19.11,1.0,2,Tier-2,6313.93,0
APP100244,27514.42796,21.8976978,3400.910744,0.123604632,Contract,2.4,3,1,41.89,1.48,1,Tier-2,4689.6,1
APP100245,27441.00038,37.39906989,1455.047602,0.053024583,Salaried,10.0,2,0,50.47,1.0,0,Tier-3,2377.4,0
APP100246,67709.24159,50.41293228,5136.819308,0.075865852,Salaried,8.1,1,1,66.67,1.0,2,Tier-1,16729.45,0
APP100247,38600.70719,44.72279622,2749.080191,0.071218389,Contract,16.8,3,0,37.52,1.0,1,Tier-1,9207.89,0
APP100248,30950.29541,26.31019433,5043.148637,0.162943473,Self-Employed,4.8,3,0,54.31,1.99,0,Tier-1,4708.2,1
APP100249,27083.82287,60.66665852,3286.212882,0.121334898,Salaried,8.6,2,0,59.37,1.0,2,Tier-2,5794.26,0
APP100250,21512.74527,24.7795283,2453.376121,0.114042912,Contract,2.9,1,2,37.11,1.35,3,Tier-1,1724.11,0
APP100251,34796.00356,58.48789988,443.6665381,0.012750503,Contract,10.3,1,2,46.16,1.0,0,Tier-2,4025.5,0
APP100252,27089.39284,51.29419704,1851.311563,0.068340829,Contract,11.7,1,1,23.93,1.0,2,Tier-1,1688.04,0
APP100253,25259.40163,39.73976626,4341.008082,0.171857123,Self-Employed,3.5,1,1,68.14,2.25,2,Tier-1,3526.81,0
APP100254,47007.31358,45.01979643,4069.402646,0.086569564,Contract,10.5,0,1,66.46,1.0,0,Tier-2,6302.76,0
APP100255,20358.66502,53.61518031,1064.686918,0.0522965,Self-Employed,17.1,2,2,56.57,1.0,0,Tier-3,1403.67,0
APP100256,67900.22653,43.51430384,7902.742965,0.116387579,Self-Employed,13.3,0,0,53.03,1.17,1,Tier-3,11865.18,0
APP100257,54418.47099,55.2220663,5630.741221,0.10347114,Salaried,20.4,3,0,14.59,1.35,2,Tier-3,2562.66,0
APP100258,51288.55469,29.92074847,6536.966363,0.127454681,Salaried,7.8,3,1,63.25,1.09,0,Tier-1,1753.51,1
APP100259,28199.60163,36.66870417,3871.688902,0.137295872,Contract,5.2,0,1,35.46,1.22,3,Tier-1,3060.45,0
APP100260,22199.61514,60.10481888,1498.390919,0.067496257,Contract,9.4,1,0,62.45,1.0,2,Tier-1,2536.52,0
APP100261,50514.46963,57.37965014,2003.65357,0.039664943,Self-Employed,26.0,0,0,32.7,1.0,1,Tier-2,4725.14,0
APP100262,34414.24034,54.5301724,617.5387522,0.01794428,Contract,8.9,0,0,40.38,1.0,1,Tier-1,2730.0,0
APP100263,37633.08743,29.42141257,868.1624733,0.023069127,Salaried,8.4,1,2,38.06,1.0,4,Tier-1,3684.98,0
APP100264,55235.50407,47.00526014,4910.547658,0.088902016,Self-Employed,19.0,1,1,15.28,1.38,0,Tier-1,3180.26,0
APP100265,45587.55184,62.02213807,8366.614268,0.183528484,Self-Employed,19.8,1,1,74.65,2.86,1,Tier-2,5142.01,0
APP100266,52757.79494,53.08221445,2321.206314,0.04399741,Self-Employed,25.9,0,2,34.5,1.0,2,Tier-1,12031.88,0
APP100267,41174.80813,52.33937637,2888.44471,0.070150775,Self-Employed,7.2,2,1,57.47,1.02,0,Tier-1,2948.86,0
APP100268,25685.5352,39.00918946,490.7429211,0.019105809,Salaried,7.0,1,0,47.6,1.0,0,Tier-1,4557.22,0
APP100269,28145.303,55.54762961,4805.971549,0.170755723,Salaried,20.0,3,0,15.49,2.7,0,Tier-1,1480.74,0
APP100270,52094.21837,40.84450776,495.0211992,0.009502421,Salaried,8.2,1,0,8.83,1.0,1,Tier-2,5282.28,0
APP100271,33552.38598,25.15961094,6054.244126,0.180441538,Salaried,5.1,3,0,8.49,2.56,0,Tier-2,3149.57,1
APP100272,37400.93377,50.10848668,1693.137378,0.045269923,Salaried,6.1,1,0,23.79,1.0,2,Tier-1,8808.55,0
APP100273,21605.72509,23.2381696,2828.308618,0.130905517,Self-Employed,2.5,2,0,32.94,1.57,4,Tier-3,2558.89,1
APP100274,57562.89174,56.60056735,8508.835399,0.147818067,Salaried,19.5,2,0,26.86,2.12,0,Tier-1,10292.66,0
APP100275,62288.53961,25.60217264,10657.10612,0.171092567,Salaried,4.1,1,2,51.93,1.73,1,Tier-2,9876.87,1
APP100276,22767.2642,45.12328068,1205.786013,0.052961392,Contract,8.2,1,0,36.9,1.0,0,Tier-2,1193.85,0
APP100277,20943.04333,19.81963119,4098.11579,0.195679096,Contract,0.7,2,0,9.91,2.23,0,Tier-3,4944.53,1
APP100278,20622.8601,30.4140331,3518.452629,0.170609344,Contract,8.1,2,1,32.89,2.65,1,Tier-2,2053.0,1
APP100279,48436.66463,49.02784977,5851.409789,0.120805382,Salaried,8.3,0,0,5.9,1.45,1,Tier-1,1467.36,0
APP100280,27574.63418,57.64370906,1017.39616,0.036896089,Contract,25.6,2,0,57.69,1.0,3,Tier-2,2456.96,0
APP100281,62889.36214,33.2456503,6525.151793,0.10375605,Salaried,7.4,0,0,76.04,1.35,1,Tier-1,6112.58,0
APP100282,37683.20049,55.58721086,7414.552853,0.196760168,Salaried,22.8,0,0,43.43,1.78,1,Tier-2,1557.5,0
APP100283,54974.4555,61.98420323,8922.199717,0.162297191,Salaried,25.4,1,2,51.17,1.81,0,Tier-1,8938.56,0
APP100284,56326.08667,40.40545522,4816.776074,0.085515901,Salaried,6.2,2,1,25.02,1.17,0,Tier-2,5618.85,0
APP100285,65670.88344,50.00469847,3950.870172,0.060161672,Salaried,15.7,1,0,30.27,1.0,3,Tier-1,10816.06,0
APP100286,50730.73339,41.97006679,1879.059662,0.037039868,Contract,16.1,1,1,23.84,1.0,0,Tier-2,1093.26,0
APP100287,64184.91579,46.44703643,1854.239613,0.028889025,Salaried,11.6,2,0,71.79,1.0,4,Tier-2,15781.22,0
APP100288,66179.32411,48.12079915,3646.93786,0.055106907,Salaried,22.0,0,0,40.53,1.0,0,Tier-1,3919.06,0
APP100289,24969.5268,45.12099322,3595.501942,0.143995598,Salaried,11.4,1,2,8.29,1.43,2,Tier-3,4285.92,0
APP100290,54925.51827,40.80560311,554.4883448,0.010095277,Salaried,5.4,2,0,33.99,1.0,4,Tier-2,10140.92,0
APP100291,67879.24802,43.59720866,10433.47435,0.153706393,Salaried,9.8,3,0,29.91,1.89,0,Tier-1,4036.77,0
APP100292,67787.52676,53.36234044,9607.498847,0.141729597,Self-Employed,25.5,1,2,42.81,1.4,1,Tier-1,3097.47,0
APP100293,31657.6193,37.77866429,1448.071984,0.045741658,Salaried,6.8,1,1,41.58,1.0,2,Tier-2,1744.11,0
APP100294,36559.13503,19.71617609,3030.267241,0.082886732,Contract,1.2,1,0,36.28,1.18,0,Tier-1,2806.58,0
APP100295,57787.56566,22.64466921,6339.850844,0.109709602,Salaried,3.2,1,0,41.39,1.72,2,Tier-3,3391.75,0
APP100296,42521.72601,47.70428875,2661.612516,0.062594179,Salaried,10.7,0,1,47.27,1.0,0,Tier-1,7442.15,0
APP100297,51935.18063,21.49550533,5649.452468,0.108778912,Salaried,0.7,1,2,45.49,1.47,0,Tier-1,6065.59,0
APP100298,45677.87613,51.69305562,2966.246125,0.064938355,Salaried,19.7,1,0,45.67,1.0,0,Tier-3,6563.55,0
APP100299,51363.59581,21.0219966,761.4224042,0.014824165,Salaried,1.0,1,1,17.9,1.0,3,Tier-3,1586.49,0
APP100300,27218.56103,55.17101996,4145.003587,0.152285919,Contract,23.0,0,1,63.25,2.04,0,Tier-1,5936.02,0
APP100301,43677.62922,32.55303035,6739.858598,0.154309167,Self-Employed,6.0,0,1,35.08,2.23,0,Tier-2,2587.09,1
APP100302,21533.59551,57.90168346,1971.55422,0.091557131,Salaried,17.6,2,2,53.65,1.0,2,Tier-1,2214.41,0
APP100303,28010.19093,55.36689966,3971.155479,0.141775381,Self-Employed,23.0,0,0,39.38,1.81,1,Tier-2,1023.42,0
APP100304,51589.28275,50.31346489,56.99097407,0.001104706,Contract,12.3,1,0,41.4,1.0,1,Tier-3,2654.91,0
APP100305,50480.95269,27.08039063,8831.184365,0.174940921,Salaried,3.8,2,0,54.77,1.81,0,Tier-1,8739.96,1
APP100306,43957.35058,21.14484884,5416.357798,0.123218477,Salaried,1.2,0,0,15.1,1.24,2,Tier-1,7881.33,1
APP100307,61878.34655,33.00635954,567.6687734,0.009173949,Salaried,5.6,2,0,23.1,1.0,2,Tier-1,10872.15,0
APP100308,60153.33697,20.30086013,6472.347007,0.107597472,Self-Employed,1.1,1,2,21.51,1.47,1,Tier-1,8842.03,0
APP100309,33388.58334,62.00167495,4551.876889,0.136330339,Salaried,28.0,0,1,11.01,1.13,0,Tier-1,7982.54,0
APP100310,41310.40178,53.57694074,4481.162213,0.108475397,Self-Employed,13.1,1,1,48.08,1.36,2,Tier-3,5645.1,0
APP100311,25576.95393,51.93226805,1922.656626,0.075171447,Salaried,15.8,2,0,18.8,1.0,2,Tier-1,3155.29,0
APP100312,51455.09845,37.2856837,9447.117157,0.183599244,Salaried,10.7,0,0,71.44,1.67,1,Tier-2,3958.72,0
APP100313,48134.15693,47.96967523,2075.596112,0.043121065,Self-Employed,9.3,1,2,74.98,1.0,0,Tier-3,2057.03,0
APP100314,51348.5273,52.43673978,1507.891341,0.029365815,Contract,10.9,1,1,18.33,1.0,0,Tier-2,7500.77,0
APP100315,20532.82373,54.62323385,1897.780821,0.092426684,Contract,26.0,1,0,52.71,1.07,2,Tier-2,1897.74,0
APP100316,33297.21402,46.57996004,3674.74134,0.110361826,Self-Employed,16.7,0,2,53.52,1.2,4,Tier-1,4679.12,0
APP100317,55858.54924,25.86653378,5630.444972,0.100798267,Salaried,3.9,0,1,47.22,1.33,0,Tier-2,3765.28,0
APP100318,43777.51848,20.0109277,3601.299685,0.082263678,Salaried,1.1,0,2,41.83,1.0,1,Tier-1,9314.97,0
APP100319,27789.51906,58.51913348,186.8280739,0.006722969,Self-Employed,6.8,0,2,74.78,1.0,0,Tier-2,6945.44,0
APP100320,36132.42388,34.29426042,99.4495914,0.002752364,Self-Employed,8.5,1,1,48.76,1.0,1,Tier-1,3401.97,0
APP100321,20145.9886,21.28278372,839.8390632,0.041687657,Salaried,1.5,0,0,30.38,1.0,1,Tier-2,4305.91,0
APP100322,63108.70739,43.19394153,5757.848995,0.091236998,Salaried,12.0,3,1,40.47,1.0,3,Tier-2,13933.57,0
APP100323,26581.61453,61.95337375,5090.392774,0.191500511,Self-Employed,16.1,1,1,40.61,2.31,0,Tier-2,6621.4,0
APP100324,62040.88963,62.04980097,7643.631046,0.123203118,Self-Employed,8.8,3,0,14.08,1.53,2,Tier-1,6131.23,0
APP100325,69958.70554,30.5360199,8755.691977,0.125155146,Self-Employed,3.3,1,0,11.34,1.33,1,Tier-1,13564.26,1
APP100326,38082.51952,45.51997724,4213.465259,0.110640402,Contract,19.8,2,1,34.83,1.3,2,Tier-3,2765.78,0
APP100327,45183.05418,33.89557822,5953.453524,0.131762972,Salaried,6.3,2,0,65.46,1.35,1,Tier-1,7396.61,1
APP100328,36242.44796,39.41547079,5688.994849,0.156970491,Contract,9.2,2,0,38.42,1.26,0,Tier-1,6600.25,0
APP100329,44527.2589,42.09009228,4588.472286,0.103048613,Salaried,4.4,3,1,72.98,1.0,4,Tier-2,8480.56,0
APP100330,40496.25582,20.10545872,4834.603798,0.11938397,Salaried,0.4,1,1,57.5,1.62,0,Tier-3,2739.56,0
APP100331,24698.66931,48.91255747,2427.650788,0.098290752,Contract,17.9,1,1,44.66,1.39,2,Tier-1,5315.32,0
APP100332,60560.30553,49.75058567,1994.621134,0.032936114,Salaried,15.0,1,0,66.28,1.0,3,Tier-2,7074.87,0
APP100333,48018.21146,50.20413902,6120.090021,0.127453519,Self-Employed,14.7,2,1,46.46,1.44,0,Tier-2,3349.99,0
APP100334,30216.25196,26.56371653,2116.53731,0.070046322,Contract,2.5,0,1,54.42,1.0,1,Tier-1,4374.77,0
APP100335,61742.23995,44.87260781,8068.319704,0.13067747,Salaried,16.0,1,0,0.07,1.29,3,Tier-2,13495.13,0
APP100336,47288.42667,62.42846686,4004.988852,0.084692791,Salaried,11.1,1,0,21.47,1.21,4,Tier-3,11464.14,0
APP100337,24658.89932,59.43650057,590.5980812,0.023950707,Salaried,10.9,1,0,49.6,1.0,2,Tier-3,4736.67,0
APP100338,64644.3481,58.84065675,9848.171449,0.15234389,Salaried,17.4,2,1,24.62,1.47,0,Tier-1,1376.49,0
APP100339,57517.72414,52.48606979,4536.857209,0.078877551,Salaried,11.1,0,1,35.49,1.0,2,Tier-2,2932.32,0
APP100340,52945.54779,54.63191519,6262.007945,0.118272607,Contract,10.9,2,0,48.49,1.72,2,Tier-1,1987.74,0
APP100341,36366.99041,47.19141009,371.040895,0.010202684,Contract,15.7,0,1,56.28,1.0,2,Tier-1,1573.93,0
APP100342,62113.72957,27.884415,11928.50986,0.192043047,Salaried,5.3,0,1,0.0,2.05,3,Tier-2,6714.37,1
APP100343,62279.5195,26.66646905,6801.405893,0.109207745,Salaried,5.6,2,0,54.97,1.45,0,Tier-1,6094.27,0
APP100344,61799.08496,56.95796104,5619.217604,0.090927198,Salaried,15.6,0,2,39.24,1.14,0,Tier-1,2851.88,0
APP100345,50139.74001,30.26781235,7758.799823,0.154743519,Self-Employed,2.4,0,0,19.35,1.81,2,Tier-1,11176.86,1
APP100346,69566.68435,52.96708771,9875.037183,0.141950666,Salaried,11.0,0,3,38.39,2.16,4,Tier-1,11238.38,0
APP100347,44897.48837,51.35806105,5732.399032,0.127677499,Salaried,24.6,1,1,59.03,1.25,1,Tier-2,9122.57,0
APP100348,22572.30276,51.01624042,724.1931885,0.032083266,Salaried,16.8,0,0,21.8,1.0,4,Tier-1,2380.39,0
APP100349,37123.07964,19.9466845,5659.509278,0.15245258,Salaried,1.1,0,1,63.61,1.41,3,Tier-2,4245.18,1
APP100350,68744.78865,60.73005586,5207.883117,0.07575677,Salaried,6.6,2,0,59.66,1.0,3,Tier-1,6396.9,0
APP100351,21081.19418,52.38283326,2395.16535,0.113616208,Self-Employed,15.8,0,0,43.83,1.7,3,Tier-2,2547.41,0
APP100352,58828.29212,32.40292043,5947.645468,0.101101787,Salaried,2.5,0,0,16.03,1.18,3,Tier-3,9435.28,0
APP100353,46706.45886,18.83033629,7084.263509,0.151676314,Contract,0.4,1,1,26.92,2.09,2,Tier-1,6230.0,1
APP100354,32312.85338,28.15532047,228.3308036,0.007066253,Self-Employed,7.1,1,0,51.14,1.0,2,Tier-2,6873.62,0
APP100355,60778.76502,43.01302298,10021.04922,0.164877474,Salaried,18.3,1,1,42.09,1.5,0,Tier-2,13798.73,0
APP100356,30948.04155,42.7513536,3995.807295,0.129113414,Contract,11.7,2,1,49.1,1.76,0,Tier-2,3962.19,0
APP100357,60122.01157,62.90960494,7189.350735,0.119579345,Salaried,19.1,1,2,47.85,1.84,0,Tier-1,4517.69,0
APP100358,43321.68112,32.28625435,743.867141,0.017170782,Self-Employed,10.2,0,0,42.95,1.0,0,Tier-2,10284.32,0
APP100359,47904.34124,40.03927024,6183.514146,0.129080455,Salaried,12.2,1,0,48.73,1.22,0,Tier-1,9056.74,0
APP100360,58597.38325,53.28803374,2588.490266,0.044174161,Salaried,6.7,2,1,26.57,1.0,3,Tier-1,9799.2,0
APP100361,66091.90591,24.2041407,8743.509701,0.1322932,Salaried,2.7,2,1,71.67,1.33,2,Tier-2,12652.98,1
APP100362,47316.70138,27.06419772,1940.674044,0.041014568,Salaried,2.7,0,1,35.39,1.0,1,Tier-1,1773.23,0
APP100363,40872.63977,54.94806156,5312.491706,0.129976721,Salaried,16.0,0,2,68.4,1.57,2,Tier-2,1453.19,0
APP100364,35154.49348,52.89921324,4037.719604,0.11485643,Contract,14.8,1,0,56.95,1.0,1,Tier-2,1941.15,0
APP100365,32222.81881,61.81061588,934.4771331,0.029000478,Self-Employed,21.9,1,0,32.01,1.0,0,Tier-2,1737.25,0
APP100366,40447.67296,22.49292385,1072.192659,0.026508142,Salaried,1.6,1,1,44.18,1.0,3,Tier-1,4722.44,0
APP100367,48463.20455,50.52642975,8120.25809,0.167555121,Self-Employed,8.1,1,0,42.56,1.98,1,Tier-3,2723.77,0
APP100368,42843.09913,28.63178613,839.869024,0.019603368,Salaried,4.8,2,0,37.9,1.0,2,Tier-2,9277.28,0
APP100369,50310.42244,53.03869686,8361.7191,0.166202522,Self-Employed,22.7,0,0,81.44,2.27,0,Tier-1,7695.6,0
APP100370,57565.19996,37.73785449,5353.561654,0.092999966,Salaried,10.8,2,3,26.13,1.0,1,Tier-1,6027.09,0
APP100371,55066.18297,55.7392007,9332.702666,0.169481561,Salaried,13.3,0,0,56.04,1.47,2,Tier-2,1983.11,0
APP100372,46065.94821,52.8386392,4947.308728,0.10739622,Self-Employed,24.8,1,1,66.11,1.0,0,Tier-3,7183.36,0
APP100373,38309.58566,55.4291345,3545.723971,0.092554485,Salaried,26.1,2,1,40.4,1.05,4,Tier-2,1792.99,0
APP100374,54472.14476,59.245985,10836.38309,0.198934394,Salaried,11.4,4,0,10.4,1.66,0,Tier-2,10400.95,0
APP100375,58695.0944,29.77440963,1826.516302,0.031118722,Salaried,2.0,1,3,54.18,1.0,1,Tier-1,12011.03,0
APP100376,54748.91231,31.59685864,5438.093693,0.099327885,Self-Employed,8.1,0,0,31.35,1.0,3,Tier-1,7944.86,0
APP100377,46328.17192,56.84083064,7879.676208,0.170083901,Contract,25.1,0,1,14.04,2.64,4,Tier-1,2520.65,0
APP100378,49633.32747,38.98900889,7915.313443,0.159475777,Salaried,15.3,2,1,54.29,1.9,0,Tier-2,9975.23,0
APP100379,66339.78388,35.59190521,2350.891508,0.035437129,Salaried,12.0,2,3,11.16,1.0,0,Tier-1,6023.68,0
APP100380,62650.71966,33.48406627,6425.365364,0.102558524,Salaried,7.9,1,0,42.02,1.46,2,Tier-1,4461.37,0
APP100381,27646.78005,56.31166878,3132.148692,0.113291627,Contract,17.9,1,2,59.97,1.55,0,Tier-1,3545.09,0
APP100382,21437.61575,45.73140049,2563.960873,0.119601028,Self-Employed,4.6,1,2,57.0,1.54,1,Tier-3,4978.0,0
APP100383,50648.19844,56.51730671,7110.755833,0.14039504,Salaried,11.5,0,0,63.33,2.17,2,Tier-2,4477.09,0
APP100384,29670.67184,53.55019966,2928.984088,0.098716473,Salaried,15.1,1,0,37.04,1.12,1,Tier-1,6773.31,0
APP100385,20258.53866,29.11553162,2767.8373,0.136625714,Self-Employed,5.9,1,0,82.88,1.98,0,Tier-3,655.17,1
APP100386,34475.21797,42.30791846,3162.133837,0.091721939,Salaried,11.8,1,0,28.52,1.01,1,Tier-1,1351.79,0
APP100387,28926.43246,62.06525128,750.067107,0.025930163,Contract,26.2,0,0,71.25,1.0,3,Tier-1,5226.11,0
APP100388,20660.66895,49.36388109,1756.037625,0.084994229,Contract,10.0,1,0,47.75,1.0,2,Tier-1,1318.9,0
APP100389,24987.93409,49.06510864,3946.898246,0.157952163,Contract,15.2,2,0,25.75,1.63,2,Tier-1,2319.45,0
APP100390,29672.56081,51.01980481,607.9094842,0.020487261,Contract,6.7,1,0,39.85,1.0,1,Tier-1,1524.15,0
APP100391,23241.59989,40.84775603,457.1966172,0.019671478,Self-Employed,9.1,1,0,8.95,1.0,0,Tier-2,2240.89,0
APP100392,24217.22876,23.51076748,2104.384323,0.086896166,Self-Employed,3.3,2,0,31.84,1.0,0,Tier-2,2046.5,0
APP100393,65574.09334,23.51304252,3031.246326,0.046226279,Self-Employed,3.1,1,1,37.59,1.0,1,Tier-2,12416.96,0
APP100394,55994.45879,31.1392572,680.6196961,0.012155126,Salaried,9.8,3,0,30.09,1.0,0,Tier-2,10161.06,0
APP100395,67369.33212,57.63423984,2299.418172,0.034131527,Self-Employed,12.6,0,2,10.31,1.0,1,Tier-2,16143.93,0
APP100396,23305.77149,28.21752876,4521.004312,0.193986469,Contract,4.6,2,3,46.08,2.6,2,Tier-1,4349.25,1
APP100397,35195.46635,49.6584056,2836.988178,0.080606637,Contract,11.0,1,1,30.52,1.18,2,Tier-2,6328.43,0
APP100398,27135.07262,54.8364598,1387.248801,0.051123829,Contract,15.3,0,2,45.98,1.0,0,Tier-2,4875.27,0
APP100399,24037.16514,23.31157432,2469.364426,0.1027311,Contract,3.5,0,1,45.54,1.0,2,Tier-3,5362.27,0
APP100400,51625.31323,44.80884119,4592.24555,0.088953369,Salaried,15.0,0,2,76.58,1.0,2,Tier-1,4549.97,0
APP100401,50705.76626,53.20582216,1096.967075,0.021633971,Salaried,23.9,1,1,86.01,1.0,0,Tier-1,4513.89,0
APP100402,58079.1569,18.66302679,11540.04581,0.198695133,Salaried,0.2,4,0,60.94,2.11,0,Tier-2,11062.87,1
APP100403,62192.46707,46.0507889,1863.891003,0.029969723,Self-Employed,18.9,1,1,61.53,1.0,2,Tier-2,4515.31,0
APP100404,62553.66841,63.92497558,4641.704785,0.074203558,Salaried,8.5,2,1,56.4,1.0,1,Tier-1,14372.62,0
APP100405,68147.95732,22.98439448,12307.56232,0.180600605,Self-Employed,3.4,1,0,58.34,2.41,0,Tier-2,9745.14,1
APP100406,27619.66141,47.54050593,2774.832781,0.100465851,Salaried,10.3,1,1,88.78,1.11,0,Tier-1,2458.94,0
APP100407,65330.19284,28.58998731,4030.803692,0.061698941,Salaried,3.6,1,1,9.17,1.0,0,Tier-3,12968.24,0
APP100408,26680.14584,47.76173998,1671.184924,0.062637773,Contract,13.6,0,2,46.35,1.0,4,Tier-1,2450.14,0
APP100409,46104.59891,51.05635889,2342.472921,0.050807793,Salaried,23.6,0,0,46.09,1.0,2,Tier-1,11136.75,0
APP100410,44904.59764,44.20668666,4953.773599,0.110317737,Self-Employed,4.7,1,1,76.33,1.75,1,Tier-1,11050.46,0
APP100411,52934.59443,50.40298165,3248.627718,0.061370598,Salaried,11.7,1,2,35.75,1.0,4,Tier-2,9176.91,0
APP100412,43509.75776,18.07533586,7363.037639,0.169227273,Salaried,0.1,0,2,11.21,2.23,2,Tier-1,2007.36,1
APP100413,22118.35733,63.01594669,3928.121846,0.177595551,Self-Employed,17.4,1,1,65.08,2.64,2,Tier-2,1781.37,0
APP100414,56275.41002,30.24987142,2224.88416,0.039535637,Salaried,3.3,2,0,2.31,1.0,0,Tier-3,7796.73,0
APP100415,48630.97953,27.02167736,5862.833029,0.120557576,Contract,3.7,1,0,11.6,1.73,2,Tier-1,10496.17,1
APP100416,64272.7,37.77801477,4929.878818,0.076702532,Salaried,7.5,0,1,67.93,1.0,0,Tier-2,4018.58,0
APP100417,24349.00295,53.75252283,3890.47105,0.159779481,Contract,25.0,3,0,35.16,2.03,1,Tier-1,1071.67,0
APP100418,34332.31526,36.5013709,1225.720223,0.035701648,Contract,11.2,0,0,29.63,1.0,0,Tier-1,1274.75,0
APP100419,64940.24109,43.94104124,8196.930726,0.126222672,Self-Employed,11.8,1,2,53.28,2.01,0,Tier-1,8871.0,0
APP100420,30595.74801,40.91149463,3495.069881,0.114233843,Contract,17.0,0,0,34.66,1.64,0,Tier-1,6837.58,0
APP100421,53422.21625,28.18853052,7441.759617,0.13930084,Self-Employed,4.4,4,0,56.59,2.08,1,Tier-2,1588.92,1
APP100422,69995.68558,52.71967321,2084.370861,0.029778562,Salaried,6.4,2,0,49.37,1.0,3,Tier-1,4818.08,0
APP100423,48270.79624,45.30585103,6232.280399,0.129110785,Salaried,8.4,4,0,37.39,1.23,1,Tier-3,8662.15,0
APP100424,27028.15559,48.10959467,331.3643087,0.012259967,Contract,12.4,1,2,39.42,1.0,3,Tier-2,5674.52,0
APP100425,23519.86609,34.39370686,2368.381231,0.100697054,Contract,4.0,0,0,56.45,1.5,2,Tier-2,4838.08,0
APP100426,37302.0834,35.01540389,2366.17424,0.063432764,Salaried,12.2,1,0,19.97,1.0,1,Tier-3,7481.52,0
APP100427,55601.27185,18.8429929,10533.45516,0.189446299,Self-Employed,0.5,3,0,36.22,1.92,0,Tier-3,2771.94,1
APP100428,62678.64545,25.83939413,333.4413981,0.005319856,Salaried,2.4,0,0,13.36,1.0,3,Tier-2,6980.19,0
APP100429,41602.43398,25.25986939,7005.079292,0.168381477,Contract,3.7,2,0,44.48,1.91,0,Tier-2,10254.64,1
APP100430,27533.00133,46.76592846,1551.420288,0.056347663,Self-Employed,16.8,1,0,33.68,1.0,2,Tier-1,6812.88,0
APP100431,30594.17656,50.0438201,118.3421421,0.003868126,Self-Employed,22.9,0,2,52.42,1.0,2,Tier-2,4850.96,0
APP100432,47846.9459,24.41835729,3713.262688,0.077607099,Contract,4.4,0,0,37.2,1.05,1,Tier-2,8762.28,0
APP100433,55273.275,25.41639103,10282.99745,0.186039229,Salaried,3.4,2,2,58.67,2.76,0,Tier-3,13199.0,1
APP100434,23086.25541,24.84996033,1256.40116,0.054422042,Contract,4.2,0,0,18.44,1.0,1,Tier-1,2850.77,0
APP100435,29621.27488,32.45542329,5575.253691,0.188217884,Contract,7.0,2,1,79.06,2.0,3,Tier-1,1524.88,1
APP100436,47533.92095,39.95519407,6637.770871,0.139642822,Salaried,10.6,0,0,52.85,1.61,3,Tier-1,8264.16,0
APP100437,62519.18418,44.40997496,2324.547705,0.037181351,Self-Employed,5.8,1,1,16.83,1.0,4,Tier-3,15056.09,0
APP100438,50878.95904,44.96512582,3257.012629,0.064014923,Self-Employed,6.1,0,0,31.41,1.0,1,Tier-1,9176.4,0
APP100439,58580.95951,56.62695134,4317.715478,0.0737051,Salaried,18.1,1,2,75.24,1.0,1,Tier-2,11995.26,0
APP100440,69445.64945,28.81827377,10643.40418,0.153262361,Salaried,3.4,4,1,67.46,2.03,0,Tier-2,8141.27,1
APP100441,60929.17235,60.05877767,11146.07446,0.18293494,Self-Employed,6.8,2,0,60.47,2.08,4,Tier-1,2570.39,0
APP100442,35496.6655,47.00274607,168.0547853,0.004734382,Contract,16.9,0,1,16.66,1.0,1,Tier-1,2088.73,0
APP100443,33572.4235,57.44221936,3369.377023,0.100361448,Contract,6.7,1,0,18.39,1.52,1,Tier-2,8259.17,0
APP100444,55306.91435,20.14031182,5272.535014,0.095332294,Self-Employed,1.1,1,0,18.04,1.15,3,Tier-1,7379.73,0
APP100445,34141.92764,47.15114867,3371.66431,0.098754363,Salaried,13.8,1,1,47.03,1.3,1,Tier-2,777.23,0
APP100446,40453.89095,20.70989283,890.9395353,0.022023581,Salaried,2.0,3,0,32.19,1.0,1,Tier-3,9698.19,0
APP100447,69088.77742,53.93562663,11246.48815,0.16278314,Self-Employed,15.8,2,1,26.87,2.21,0,Tier-3,9291.71,0
APP100448,30885.6922,55.15075882,5216.354091,0.168892251,Contract,7.0,2,1,55.4,2.31,1,Tier-2,6558.32,0
APP100449,58683.22632,24.8449593,271.7344685,0.00463053,Salaried,3.3,1,3,40.28,1.0,3,Tier-2,8576.28,0
APP100450,60675.81216,39.9639062,11617.74891,0.191472491,Self-Employed,14.4,0,1,3.95,1.87,1,Tier-1,2632.82,0
APP100451,68460.68003,35.77560039,949.9566247,0.013875945,Salaried,13.3,0,1,10.19,1.0,0,Tier-3,11061.95,0
APP100452,63653.83991,27.51536888,8866.527185,0.139292888,Salaried,3.9,1,0,50.65,1.59,0,Tier-1,15875.4,1
APP100453,42522.57576,18.32612216,5036.25528,0.118437211,Salaried,0.1,0,0,75.9,1.57,1,Tier-2,1190.19,0
APP100454,54140.42913,30.88889273,7896.223766,0.145847085,Salaried,8.9,2,0,48.59,1.21,1,Tier-1,11565.08,1
APP100455,47548.36262,47.83910014,6153.936564,0.129424784,Salaried,7.9,2,2,69.36,1.46,0,Tier-1,3526.21,0
APP100456,24114.01226,52.33581555,3900.829601,0.161766095,Self-Employed,17.8,3,2,19.63,2.35,2,Tier-1,2666.75,0
APP100457,20686.23909,33.28052356,3052.576691,0.147565571,Contract,6.0,0,0,16.85,1.64,1,Tier-2,2187.02,1
APP100458,21412.30861,26.38271039,2639.710126,0.123280034,Contract,1.5,1,0,9.54,1.58,2,Tier-2,4854.67,1
APP100459,69391.1466,63.80067091,2550.265147,0.036752025,Salaried,16.4,3,0,61.38,1.0,0,Tier-2,9439.4,0
APP100460,32319.26222,42.93199308,2733.420559,0.084575587,Contract,7.7,0,0,67.57,1.0,2,Tier-1,3970.42,0
APP100461,52862.94714,47.33139712,9754.152239,0.184517753,Contract,16.5,1,0,36.22,2.85,1,Tier-3,11003.2,0
APP100462,48383.27615,39.7047263,2763.263955,0.057111965,Self-Employed,15.6,0,0,48.86,1.0,1,Tier-1,1511.91,0
APP100463,36430.5384,38.22744175,5855.185594,0.160721907,Contract,6.3,1,0,73.36,2.45,4,Tier-1,1453.03,0
APP100464,44268.89401,27.93317102,6043.143106,0.136509918,Self-Employed,6.3,1,1,22.08,2.08,0,Tier-2,1106.21,1
APP100465,63806.32925,56.6321662,114.4999674,0.001794492,Salaried,7.1,3,1,0.81,1.0,1,Tier-3,11372.59,0
APP100466,46195.77717,32.41359859,927.0675939,0.020068232,Salaried,6.8,1,1,22.2,1.0,1,Tier-1,6508.6,0
APP100467,23743.16077,42.73457772,3254.74895,0.137081536,Contract,4.8,1,0,14.45,1.1,1,Tier-2,5258.76,0
APP100468,22089.83748,21.29670327,2584.022038,0.116977865,Salaried,2.3,1,0,92.52,1.81,1,Tier-2,2974.67,0
APP100469,54707.28851,44.23788146,10255.19011,0.187455646,Self-Employed,16.0,1,0,54.04,1.71,0,Tier-3,3885.23,0
APP100470,23203.64719,58.56887607,749.1453684,0.032285673,Salaried,22.1,0,0,78.63,1.0,2,Tier-1,4761.01,0
APP100471,25342.25068,40.36114009,871.5300911,0.034390398,Salaried,14.4,0,1,48.24,1.0,2,Tier-2,2222.38,0
APP100472,31645.63282,32.16327128,5193.838197,0.164124959,Contract,7.6,0,1,48.17,1.77,2,Tier-1,7443.33,1
APP100473,32306.8084,21.90630584,3603.364078,0.111535749,Contract,2.9,0,0,39.02,1.45,0,Tier-1,2506.93,0
APP100474,61262.81632,49.41303041,5564.163603,0.090824483,Salaried,18.2,0,1,67.97,1.02,0,Tier-1,3588.52,0
APP100475,26388.7273,19.37152054,1191.332138,0.045145494,Self-Employed,1.0,0,2,48.23,1.0,2,Tier-3,3521.96,0
APP100476,53009.42543,36.07447938,3589.253506,0.067709723,Salaried,8.3,1,0,14.23,1.0,0,Tier-1,1676.08,0
APP100477,58163.54068,58.7474847,2237.927764,0.038476471,Salaried,9.0,1,0,56.74,1.0,2,Tier-3,1650.37,0
APP100478,38665.03393,55.12592175,6152.004833,0.159110292,Salaried,17.3,2,0,42.05,2.24,0,Tier-1,5184.34,0
APP100479,25289.04722,53.34272481,3701.537602,0.1463692,Self-Employed,8.0,1,0,44.18,1.5,1,Tier-3,1756.95,0
APP100480,66049.93403,29.3157674,13172.6813,0.199435192,Salaried,5.7,1,0,48.62,1.94,3,Tier-2,1463.08,1
APP100481,56282.98253,62.3698886,8215.558384,0.145968782,Salaried,19.5,2,0,80.87,1.47,2,Tier-1,4958.14,0
APP100482,35778.61523,30.62820738,5544.654684,0.154971193,Self-Employed,6.6,1,1,87.2,1.62,2,Tier-2,4643.87,1
APP100483,29174.24031,18.52862799,665.5770001,0.022813859,Self-Employed,0.1,1,0,79.69,1.0,3,Tier-1,3229.19,0
APP100484,55934.43256,60.75524976,5643.179899,0.100889195,Salaried,11.4,1,4,50.31,1.19,2,Tier-1,2861.49,0
APP100485,32256.86152,20.09639947,2809.322185,0.087092236,Self-Employed,0.9,2,0,60.46,1.0,1,Tier-2,4945.79,0
APP100486,68052.80692,28.75880168,1415.718263,0.020803231,Salaried,7.7,0,1,24.24,1.0,4,Tier-2,12479.29,0
APP100487,26957.05387,55.26487741,4172.988238,0.154801347,Contract,14.2,2,2,58.66,1.7,2,Tier-2,4727.57,0
APP100488,48685.04202,32.53325603,9698.582169,0.199210718,Self-Employed,5.9,1,0,38.5,3.14,2,Tier-2,5382.87,1
APP100489,38288.07108,28.73543162,1723.399373,0.045011392,Salaried,6.2,1,0,16.85,1.0,1,Tier-1,1977.47,0
APP100490,42468.02083,28.62581918,1902.26561,0.044792895,Salaried,5.4,3,0,53.62,1.0,3,Tier-3,5728.17,0
APP100491,55377.77303,46.91822152,6882.873416,0.124289458,Salaried,9.5,0,1,17.61,1.7,0,Tier-3,12448.88,0
APP100492,54231.70279,21.27421064,10156.14231,0.187273159,Salaried,1.3,1,1,28.67,1.51,0,Tier-1,6931.15,1
APP100493,53283.25871,49.00469291,4065.218795,0.076294485,Salaried,8.7,2,2,30.67,1.22,0,Tier-1,3463.77,0
APP100494,52534.78548,47.18361948,3810.131842,0.072525886,Self-Employed,21.3,0,0,66.34,1.02,0,Tier-2,2175.06,0
APP100495,47847.51563,26.65183777,8494.016431,0.177522622,Salaried,2.0,0,2,41.06,2.39,1,Tier-2,11344.8,1
APP100496,59998.25327,54.30892681,4659.535976,0.077661194,Salaried,13.5,3,0,61.83,1.0,3,Tier-1,11453.2,0
APP100497,58684.51301,31.73226475,5415.817417,0.092286996,Salaried,2.3,1,1,14.91,1.15,2,Tier-1,5397.94,0
APP100498,49114.78793,61.48152255,6388.85036,0.130079974,Contract,12.3,1,0,23.26,1.3,0,Tier-2,4318.72,0
APP100499,57179.40201,21.37312158,2991.967351,0.052325964,Self-Employed,2.1,0,0,67.8,1.0,2,Tier-2,12916.84,0
APP100500,69395.11648,23.95138858,11047.68434,0.159199738,Salaried,1.6,0,2,19.75,2.34,1,Tier-1,4222.05,1
APP100501,43963.73801,41.55384223,4481.436861,0.101934846,Contract,4.7,2,0,20.43,1.55,1,Tier-3,6289.39,0
APP100502,66326.47247,40.98032875,5602.160022,0.08446341,Salaried,10.0,1,3,56.96,1.0,1,Tier-2,12211.1,0
APP100503,35886.72684,34.66834878,843.749092,0.023511453,Contract,2.6,3,0,45.69,1.0,3,Tier-1,3989.52,0
APP100504,35578.23411,42.394597,3640.848886,0.102333603,Self-Employed,4.9,0,0,26.2,1.43,1,Tier-2,1038.09,0
APP100505,48689.00043,36.56309217,3859.471823,0.079267839,Salaried,11.8,1,1,46.65,1.0,0,Tier-1,3524.33,0
APP100506,56510.83536,47.30828614,9255.439649,0.163781682,Self-Employed,18.0,2,0,38.18,1.86,1,Tier-2,12851.46,0
APP100507,50275.89996,41.81982332,5541.821255,0.110228186,Salaried,16.7,0,0,45.76,1.25,2,Tier-1,7054.58,0
APP100508,56665.49409,61.64512274,11159.79317,0.196941602,Self-Employed,28.9,2,0,22.48,2.77,2,Tier-1,11761.01,0
APP100509,42912.09054,60.58219753,4550.122853,0.106033586,Contract,23.8,1,1,18.81,1.56,0,Tier-1,6342.74,0
APP100510,22169.72922,36.97071669,947.1996384,0.042724908,Contract,3.4,0,2,35.19,1.0,0,Tier-1,5254.86,0
APP100511,35919.80732,27.30412443,1227.109484,0.034162474,Self-Employed,5.8,1,3,11.84,1.0,2,Tier-2,8229.26,0
APP100512,61987.68527,27.63108779,2618.243037,0.042238116,Self-Employed,6.3,2,0,5.85,1.0,2,Tier-2,8124.37,0
APP100513,30044.68352,49.77406378,1428.439625,0.04754384,Self-Employed,20.0,0,0,20.99,1.0,1,Tier-1,2800.26,0
APP100514,61528.27242,55.90302305,10897.90548,0.17712029,Salaried,17.2,2,2,24.87,1.63,3,Tier-1,9745.08,0
APP100515,31196.49177,47.17878489,987.2615366,0.031646556,Contract,8.5,1,0,19.9,1.0,4,Tier-3,5466.38,0
APP100516,66003.95999,33.07351468,11207.49523,0.169800346,Salaried,9.9,1,0,15.72,2.52,0,Tier-1,8885.56,1
APP100517,56960.67384,25.51799914,4856.483454,0.085260288,Self-Employed,4.4,1,1,58.08,1.0,1,Tier-1,11911.91,0
APP100518,41315.10789,57.52009412,1378.909057,0.033375419,Self-Employed,29.2,1,1,10.75,1.0,0,Tier-2,2568.38,0
APP100519,64913.34384,26.76631122,9781.326722,0.150682836,Salaried,2.1,3,0,32.67,2.18,2,Tier-3,6291.06,1
APP100520,32804.90449,62.29439051,4961.25568,0.151235181,Salaried,12.6,1,0,8.34,1.32,1,Tier-3,5834.9,0
APP100521,25789.2098,26.49416967,2410.277414,0.093460693,Self-Employed,2.4,1,0,39.64,1.39,0,Tier-2,1978.99,0
APP100522,31908.35431,38.25251186,1857.461578,0.05821239,Salaried,12.7,4,0,21.1,1.0,2,Tier-1,3866.15,0
APP100523,56050.30258,23.97382954,6870.83901,0.122583442,Self-Employed,1.6,2,0,40.67,1.0,2,Tier-2,13545.04,1
APP100524,66505.77569,25.61824062,6571.197021,0.098806411,Self-Employed,1.4,2,0,20.05,1.0,0,Tier-1,10903.72,0
APP100525,57504.07174,55.71713443,8107.267645,0.140985975,Salaried,28.3,2,0,32.48,1.23,0,Tier-1,13702.25,0
APP100526,44619.11149,59.85248724,2474.977159,0.055468992,Salaried,6.9,2,0,79.56,1.0,1,Tier-2,8306.36,0
APP100527,21158.93529,54.30391261,3562.308296,0.168359525,Salaried,23.6,2,1,29.61,2.28,2,Tier-2,3949.81,0
APP100528,22765.19092,20.58742742,540.6177247,0.023747559,Self-Employed,1.0,0,1,77.16,1.0,2,Tier-1,3554.26,0
APP100529,25052.82026,45.57399348,3367.701923,0.134424064,Contract,18.1,1,2,39.5,2.08,1,Tier-1,1320.48,0
APP100530,61006.1073,54.18129557,5850.770691,0.095904672,Self-Employed,17.5,1,3,32.9,1.16,2,Tier-3,8512.44,0
APP100531,62321.24247,45.8902828,10649.07205,0.170873873,Self-Employed,19.3,3,0,8.77,2.0,2,Tier-3,4868.11,0
APP100532,49604.54421,51.94400881,7045.919202,0.142041809,Salaried,24.0,1,0,28.01,1.63,1,Tier-2,12385.99,0
APP100533,48433.37349,28.53199734,789.6333613,0.016303497,Salaried,1.6,0,1,57.29,1.0,2,Tier-2,3942.54,0
APP100534,57590.28328,19.49710268,7676.310663,0.133291768,Self-Employed,0.3,2,0,37.18,1.55,1,Tier-3,4207.42,1
APP100535,62691.70137,25.06437924,8244.7489,0.131512604,Self-Employed,2.1,0,1,17.55,1.19,3,Tier-2,10249.66,1
APP100536,51121.65687,58.52718075,6471.628202,0.126592693,Self-Employed,22.4,1,0,11.93,1.9,0,Tier-2,7030.16,0
APP100537,22516.54035,55.51892667,4267.451902,0.189525204,Self-Employed,25.6,0,2,62.35,2.17,0,Tier-1,560.91,0
APP100538,60857.23505,37.39428701,10486.74435,0.172317134,Salaried,8.3,3,1,53.74,1.48,0,Tier-1,3030.24,0
APP100539,62908.35748,51.14682721,3213.898146,0.051088572,Salaried,17.0,3,2,77.04,1.0,2,Tier-1,12993.08,0
APP100540,49665.63384,50.31921262,2713.885075,0.054643118,Self-Employed,8.5,3,0,16.25,1.0,1,Tier-1,6518.57,0
APP100541,65322.80107,41.45419509,2739.71999,0.041941251,Salaried,14.8,0,0,52.54,1.0,1,Tier-1,3500.22,0
APP100542,20598.92656,35.77115432,3872.402468,0.187990498,Contract,13.0,0,0,16.13,2.71,4,Tier-2,2616.18,0
APP100543,55476.65698,52.0892028,4733.50583,0.08532428,Salaried,10.6,0,1,27.89,1.14,3,Tier-1,4339.62,0
APP100544,26218.49485,18.41623623,3343.816358,0.127536549,Contract,0.2,1,1,44.94,1.68,4,Tier-3,1872.68,1
APP100545,40794.87023,38.04052822,6519.43706,0.159810217,Salaried,4.0,0,0,55.91,1.82,0,Tier-1,9802.06,0
APP100546,53719.65111,42.89010155,1670.737893,0.031101056,Salaried,12.1,0,0,10.87,1.0,3,Tier-2,5547.39,0
APP100547,20715.53563,27.53032143,369.5277394,0.017838194,Self-Employed,4.3,0,2,84.73,1.0,1,Tier-2,635.54,0
APP100548,57163.8524,53.54481969,577.5307824,0.010103077,Salaried,8.4,0,0,39.18,1.0,0,Tier-2,13900.83,0
APP100549,33751.20531,25.30187719,6494.184336,0.192413405,Salaried,3.0,2,1,20.95,2.02,1,Tier-1,6845.19,1
APP100550,44832.56472,32.17826296,1256.253538,0.028021005,Salaried,5.0,1,1,50.2,1.0,1,Tier-2,3520.03,0
APP100551,51035.63346,58.99497729,2889.880195,0.056624754,Salaried,19.0,0,1,66.89,1.0,0,Tier-3,5820.37,0
APP100552,53493.48601,21.87474639,5030.8288,0.094045634,Salaried,1.9,3,2,30.84,1.0,1,Tier-3,11679.05,0
APP100553,58205.68,56.83783815,10035.60302,0.172416215,Salaried,6.0,0,1,31.75,2.5,2,Tier-2,5948.92,0
APP100554,47439.94076,22.34841947,7896.356942,0.166449553,Salaried,2.6,3,0,16.35,1.91,1,Tier-3,7139.85,1
APP100555,47586.22771,42.27500753,3343.056276,0.070252601,Contract,14.0,3,0,35.96,1.0,1,Tier-1,6805.64,0
APP100556,26100.85126,62.31916468,960.1372514,0.036785668,Self-Employed,16.4,3,1,37.28,1.0,1,Tier-3,2931.07,0
APP100557,45326.40367,59.36251247,5142.110837,0.113446257,Salaried,7.5,2,0,34.38,1.54,3,Tier-3,7573.38,0
APP100558,24391.75623,47.0350985,2198.144889,0.090118353,Salaried,17.5,2,0,30.73,1.0,0,Tier-2,3143.05,0
APP100559,53741.37102,49.72943257,6513.150125,0.121194342,Salaried,22.9,3,0,7.39,1.15,1,Tier-2,1337.25,0
APP100560,40053.72227,27.93848013,44.5272461,0.001111688,Contract,2.9,2,2,28.67,1.0,0,Tier-2,8303.46,0
APP100561,53033.86413,38.45755969,10427.4705,0.196619098,Self-Employed,7.0,1,0,32.36,2.5,3,Tier-1,2440.93,0
APP100562,25176.50201,53.54340881,3064.718488,0.121729321,Salaried,9.3,1,1,26.81,1.35,0,Tier-3,3190.89,0
APP100563,31210.84702,54.10490667,3853.088042,0.123453492,Contract,17.9,2,1,20.73,1.78,1,Tier-2,4787.03,0
APP100564,23532.2763,59.63373699,1077.8404,0.045802641,Contract,10.1,0,0,27.91,1.0,1,Tier-2,4289.14,0
APP100565,63776.77079,43.81065864,6697.971583,0.105022119,Salaried,9.4,2,0,34.9,1.04,3,Tier-2,7301.37,0
APP100566,52278.765,45.92897162,4269.136035,0.081660996,Salaried,15.9,4,0,34.41,1.0,0,Tier-3,9889.9,0
APP100567,56015.81322,32.50931024,2275.763425,0.04062716,Salaried,7.1,1,1,44.65,1.0,2,Tier-2,2812.58,0
APP100568,56110.93994,62.82941483,9351.006131,0.166652103,Self-Employed,17.1,0,0,19.89,2.48,0,Tier-1,9555.27,0
APP100569,57856.80823,33.68215095,8824.164747,0.15251731,Salaried,6.3,3,1,5.81,1.3,4,Tier-2,12153.28,1
APP100570,30187.09186,28.15508425,4462.823258,0.147838794,Self-Employed,4.9,0,0,33.28,1.44,2,Tier-3,6779.18,1
APP100571,30786.87193,47.06810554,3563.319789,0.115741534,Self-Employed,4.5,0,2,67.19,1.75,2,Tier-2,4719.64,0
APP100572,22279.29977,58.90732761,3141.338536,0.140998082,Contract,8.1,2,0,40.09,1.27,1,Tier-3,2048.94,0
APP100573,42476.26553,46.43822313,8334.182008,0.196207974,Salaried,19.3,3,0,70.45,2.56,1,Tier-3,2445.44,0
APP100574,58147.79986,34.05864485,3951.189747,0.067950804,Self-Employed,3.2,2,1,74.5,1.0,0,Tier-2,5784.46,0
APP100575,36266.21187,55.54236272,3206.927665,0.088427423,Contract,21.6,0,0,12.35,1.14,2,Tier-1,5229.37,0
APP100576,39045.49716,27.43322056,1165.492158,0.029849592,Contract,6.6,0,1,39.98,1.0,4,Tier-1,2544.05,0
APP100577,64467.80368,63.40058921,521.5757014,0.008090483,Self-Employed,14.2,0,0,84.63,1.0,1,Tier-2,15412.86,0
APP100578,36594.80667,60.91256134,3492.334022,0.095432504,Salaried,16.0,1,1,63.52,1.21,3,Tier-2,8282.91,0
APP100579,58797.76286,53.40343367,8892.963303,0.151246627,Salaried,17.4,2,0,61.66,2.04,0,Tier-3,1621.65,0
APP100580,66653.27093,19.88705308,5180.71186,0.077726296,Salaried,1.3,0,1,19.85,1.04,3,Tier-2,9948.08,0
APP100581,48271.49838,21.66234102,6077.680287,0.125906187,Contract,2.6,0,0,26.07,1.65,1,Tier-1,9728.69,1
APP100582,30991.43192,34.01002602,4589.267265,0.148081808,Salaried,9.5,1,2,48.95,1.78,1,Tier-2,2368.99,1
APP100583,45446.51834,19.30469183,8474.982464,0.186482546,Salaried,0.3,2,1,56.4,2.27,1,Tier-2,6385.06,1
APP100584,37142.73889,50.30304299,161.2375511,0.004341025,Self-Employed,17.8,2,2,41.01,1.0,2,Tier-1,4211.17,0
APP100585,58320.80889,20.25760534,10033.49168,0.172039652,Salaried,0.9,1,0,62.41,2.33,2,Tier-1,3802.85,1
APP100586,24825.54068,54.8174662,3650.196352,0.147033912,Contract,15.9,0,0,78.54,1.95,1,Tier-3,4006.58,0
APP100587,20511.42944,27.19626825,931.7900744,0.045427847,Contract,1.7,0,0,13.95,1.0,1,Tier-1,5098.1,0
APP100588,48326.32089,35.65219864,7168.707002,0.148339598,Salaried,4.7,1,0,68.42,1.37,0,Tier-1,5026.71,0
APP100589,55441.35879,48.05859911,10768.74784,0.194236723,Salaried,18.8,2,0,58.44,1.88,1,Tier-1,8152.5,0
APP100590,60496.90792,33.94567162,1115.154587,0.018433249,Salaried,6.7,0,1,38.04,1.0,1,Tier-1,5771.8,0
APP100591,25296.15423,44.35608995,1320.462443,0.052200126,Contract,8.7,0,2,19.81,1.0,1,Tier-2,5608.11,0
APP100592,50414.32032,56.19400321,2468.171999,0.048957756,Self-Employed,14.5,1,1,58.59,1.0,1,Tier-1,11033.61,0
APP100593,67984.04038,27.46528093,1642.969471,0.024166988,Salaried,6.3,0,0,38.96,1.0,2,Tier-3,4155.04,0
APP100594,50382.39977,57.09693649,9183.842295,0.182282748,Salaried,23.4,3,1,42.53,1.83,2,Tier-1,11436.21,0
APP100595,49413.29854,18.64785258,2554.044352,0.051687388,Contract,0.2,3,2,23.13,1.0,0,Tier-2,2710.17,0
APP100596,61464.82064,36.40826631,5099.08746,0.082959446,Salaried,4.1,1,1,22.33,1.26,2,Tier-1,2578.52,0
APP100597,53784.04957,24.39355435,2761.85138,0.051350752,Salaried,1.9,1,0,34.93,1.0,0,Tier-3,9152.7,0
APP100598,35993.28793,41.8750019,901.9277107,0.02505822,Contract,16.8,1,0,51.57,1.0,2,Tier-2,3914.56,0
APP100599,63402.00468,47.22342889,7530.767633,0.118778068,Salaried,14.6,5,1,20.32,1.71,0,Tier-3,9007.54,0
APP100600,40484.97132,39.28143317,1093.679203,0.027014449,Self-Employed,10.0,0,0,68.36,1.0,2,Tier-2,6886.14,0
APP100601,26168.01227,41.94116976,3040.98135,0.116209872,Salaried,12.2,2,0,63.23,1.23,1,Tier-2,841.37,0
APP100602,60044.28152,61.31265439,6823.434443,0.113640038,Salaried,16.0,1,1,55.6,1.58,1,Tier-3,5246.62,0
APP100603,23984.55095,51.14126769,4622.275198,0.192718855,Contract,21.0,0,1,86.58,2.49,2,Tier-1,3022.26,0
APP100604,40359.70119,32.24500797,1783.697326,0.044195008,Salaried,6.6,1,0,22.86,1.0,0,Tier-2,3281.85,0
APP100605,33583.89108,62.13075546,1251.867366,0.037275829,Salaried,9.7,0,0,58.03,1.0,0,Tier-1,1049.95,0
APP100606,68038.79202,62.94812935,10108.79585,0.148574005,Salaried,10.2,1,0,69.11,1.57,2,Tier-3,2717.17,0
APP100607,45652.05927,53.674341,5408.212129,0.118465897,Salaried,16.8,1,1,30.76,1.25,3,Tier-3,9331.37,0
APP100608,34399.20978,31.764889,6019.834423,0.174999207,Salaried,9.8,1,0,35.76,1.86,1,Tier-3,7898.71,1
APP100609,57628.43892,23.98656393,5021.639683,0.087138222,Salaried,2.0,2,1,61.86,1.05,0,Tier-1,3170.35,0
APP100610,24294.67689,22.26309561,4360.053009,0.179465363,Contract,2.9,1,0,64.82,1.84,1,Tier-1,1878.71,1
APP100611,52218.88251,37.54275677,9792.091531,0.187520128,Salaried,11.9,3,0,14.68,2.17,2,Tier-1,8878.12,0
APP100612,50061.76774,55.36104188,6145.131817,0.122750995,Salaried,11.2,2,2,42.33,1.34,1,Tier-1,11988.92,0
APP100613,49352.27422,57.54215563,3362.774486,0.068138187,Self-Employed,6.8,1,0,5.98,1.0,3,Tier-1,4387.7,0
APP100614,21087.35554,49.31063445,3353.693571,0.159038129,Contract,6.6,2,0,65.1,2.04,1,Tier-1,4569.61,0
APP100615,23812.25268,42.76555932,2716.655819,0.114086469,Contract,14.5,1,0,29.22,1.51,0,Tier-3,3247.65,0
APP100616,49395.16649,41.08490913,5927.574676,0.120003132,Salaried,6.2,0,2,52.81,1.16,0,Tier-2,11855.26,0
APP100617,33338.94399,46.59851354,2929.851424,0.087880751,Salaried,10.7,2,1,22.37,1.0,1,Tier-2,1711.6,0
APP100618,29668.32072,38.6837404,2042.436463,0.068842335,Contract,9.3,1,0,40.47,1.0,2,Tier-2,7237.43,0
APP100619,45936.5972,41.99401029,8525.231909,0.185586927,Salaried,14.0,3,0,16.9,1.65,0,Tier-2,5577.86,0
APP100620,55948.06772,40.30301538,8569.220573,0.153163834,Salaried,4.9,5,0,17.49,1.55,4,Tier-3,13381.43,0
APP100621,53239.50071,63.51511514,4606.156805,0.086517656,Contract,17.9,2,1,18.18,1.0,1,Tier-2,6681.49,0
APP100622,43694.03444,49.51503554,5049.635509,0.115568076,Salaried,13.9,0,0,22.93,1.48,1,Tier-1,6201.01,0
APP100623,24078.0725,38.49162835,3276.139948,0.136063215,Self-Employed,9.7,2,4,67.13,2.17,0,Tier-2,4938.37,0
APP100624,50258.55302,22.54284077,1086.246165,0.02161316,Salaried,2.9,2,3,35.18,1.0,3,Tier-3,9358.37,0
APP100625,41816.65683,48.91721362,4534.575973,0.108439467,Contract,7.8,2,0,39.49,1.58,2,Tier-1,6795.57,0
APP100626,36892.71622,54.44842476,6463.647751,0.175201189,Salaried,23.1,1,1,41.3,1.57,0,Tier-2,4276.07,0
APP100627,23886.56761,34.44297279,4440.419617,0.185896094,Self-Employed,9.3,3,0,12.49,2.48,3,Tier-1,4831.32,1
APP100628,48757.76505,23.07603499,1833.581051,0.037605929,Salaried,2.5,1,0,50.95,1.0,1,Tier-1,11608.86,0
APP100629,34601.68266,33.85052236,2430.101618,0.070230735,Self-Employed,9.0,0,1,70.38,1.07,2,Tier-3,770.11,0
APP100630,52986.00455,50.42376288,4928.607034,0.093017148,Self-Employed,12.9,1,1,24.07,1.0,2,Tier-1,8223.66,0
APP100631,50740.95102,21.72135886,784.5773121,0.015462408,Self-Employed,0.9,0,1,25.45,1.0,2,Tier-1,11121.18,0
APP100632,53096.9914,36.35007538,2663.052609,0.050154492,Salaried,10.1,1,2,36.77,1.0,3,Tier-1,9037.95,0
APP100633,38500.00065,53.93069108,7571.682318,0.19666707,Salaried,16.7,2,0,60.92,2.21,3,Tier-3,7861.34,0
APP100634,41004.26236,55.84909201,1016.141008,0.024781351,Self-Employed,20.2,0,3,39.66,1.0,4,Tier-1,9261.39,0
APP100635,63585.36459,49.33992697,1594.972682,0.025083959,Salaried,11.1,1,1,34.13,1.0,0,Tier-3,12254.09,0
APP100636,31823.68106,30.98355705,2290.430342,0.071972514,Contract,9.0,3,1,87.11,1.0,1,Tier-1,5884.64,0
APP100637,26242.63362,32.59683185,1801.228195,0.068637478,Self-Employed,7.3,1,0,59.38,1.0,2,Tier-3,6347.87,0
APP100638,63531.24599,19.32910789,6917.508435,0.108883563,Salaried,0.3,2,1,45.78,1.64,2,Tier-3,13890.95,0
APP100639,64751.14654,53.63820349,2289.851251,0.035363872,Salaried,15.0,1,1,38.21,1.0,1,Tier-1,13438.25,0
APP100640,31091.2763,50.89554304,4071.083034,0.130939721,Salaried,19.9,0,0,66.44,1.2,0,Tier-1,1239.7,0
APP100641,66871.26736,62.68936364,3614.268185,0.054048148,Salaried,28.0,0,1,33.44,1.0,3,Tier-1,5013.8,0
APP100642,25098.65283,51.64706285,2611.848092,0.104063278,Salaried,15.0,1,0,37.31,1.07,4,Tier-2,3715.95,0
APP100643,33720.58922,47.24662629,1365.952209,0.040507958,Contract,20.1,0,1,27.57,1.0,1,Tier-1,6177.57,0
APP100644,28182.52329,25.52961036,2285.956538,0.081112557,Self-Employed,2.3,1,1,39.68,1.0,0,Tier-1,2529.08,0
APP100645,27334.56971,42.67119449,2963.794432,0.108426599,Self-Employed,9.8,1,0,36.69,1.4,0,Tier-1,1133.44,0
APP100646,68694.84318,23.08141739,12731.89464,0.185339889,Salaried,3.5,0,1,48.39,2.38,0,Tier-1,6289.21,1
APP100647,46195.62167,26.62719845,2888.633728,0.062530466,Self-Employed,5.9,1,1,84.2,1.0,2,Tier-1,9116.09,0
APP100648,34488.20985,27.13153021,2156.314406,0.062523234,Salaried,5.1,1,1,79.37,1.0,3,Tier-3,7649.56,0
APP100649,57827.6631,23.97296825,10816.75901,0.187051636,Salaried,4.0,1,0,26.13,2.65,0,Tier-3,13298.5,1
APP100650,20346.46905,35.71607365,656.0331879,0.032243098,Contract,3.6,2,0,83.87,1.0,1,Tier-1,2179.91,0
APP100651,60480.9758,53.42868783,3216.094541,0.053175308,Salaried,23.7,1,1,6.7,1.0,2,Tier-2,6391.86,0
APP100652,51915.67978,44.10910349,2282.911022,0.04397344,Salaried,8.9,1,0,30.29,1.0,0,Tier-2,5894.65,0
APP100653,54625.50698,31.69645567,8619.745177,0.157797074,Self-Employed,3.5,3,0,66.24,2.21,1,Tier-2,5814.13,1
APP100654,48305.42709,55.2125357,4833.47747,0.100060754,Contract,10.9,1,0,30.36,1.01,2,Tier-2,8367.72,0
APP100655,28577.96451,21.42016018,1639.225639,0.057359776,Contract,1.4,2,0,60.53,1.0,3,Tier-2,2926.79,0
APP100656,53400.82701,58.08168841,10418.19298,0.195094225,Salaried,12.1,4,1,52.43,2.31,1,Tier-2,1317.88,0
APP100657,43414.48789,44.45336282,7170.946724,0.165174048,Contract,9.1,1,2,24.38,1.35,2,Tier-2,5252.1,0
APP100658,47526.23413,57.21959192,8957.330544,0.188471288,Salaried,9.1,1,1,6.52,1.96,1,Tier-1,3400.74,0
APP100659,46082.07216,55.15846717,2921.235379,0.063392014,Self-Employed,12.2,1,2,35.59,1.0,0,Tier-1,1226.96,0
APP100660,32195.59252,62.20165852,4980.013585,0.154679979,Self-Employed,21.8,0,1,60.5,1.37,0,Tier-1,4130.5,0
APP100661,49067.09129,60.54459807,7258.968492,0.147939654,Contract,17.7,1,0,31.24,1.33,1,Tier-2,3305.63,0
APP100662,21293.47713,42.40494033,1368.691922,0.064277521,Self-Employed,8.7,0,1,34.53,1.0,0,Tier-1,2643.17,0
APP100663,52100.91739,23.18144363,4767.277192,0.09150083,Self-Employed,3.1,0,0,4.89,1.27,0,Tier-2,4370.36,0
APP100664,48334.38778,53.36775446,2234.443137,0.046228849,Self-Employed,24.3,1,0,40.8,1.0,2,Tier-1,7678.06,0
APP100665,58507.62355,48.97744804,694.1351678,0.011864012,Salaried,18.7,0,1,40.16,1.0,2,Tier-3,14504.15,0
APP100666,27521.04034,35.08659729,2699.851346,0.098101355,Contract,6.0,2,1,88.99,1.16,0,Tier-1,4014.31,0
APP100667,63914.22537,26.34974189,139.3145719,0.002179711,Salaried,5.0,0,0,51.7,1.0,0,Tier-2,10787.83,0
APP100668,28598.83265,52.53369854,524.2010921,0.018329458,Self-Employed,8.3,1,1,36.32,1.0,1,Tier-2,6618.73,0
APP100669,23298.46675,48.65145986,1741.183919,0.074733841,Self-Employed,7.0,0,1,20.01,1.0,1,Tier-1,2470.11,0
APP100670,35697.55414,51.38821886,2907.958272,0.081460995,Contract,11.9,0,0,33.27,1.17,1,Tier-2,2081.39,0
APP100671,40376.16358,38.92128904,3901.937984,0.096639642,Salaried,13.3,1,0,52.13,1.13,2,Tier-3,3433.73,0
APP100672,56534.96684,27.80794148,2161.083752,0.038225613,Salaried,2.9,1,2,36.69,1.0,0,Tier-1,6368.26,0
APP100673,36088.93861,41.71775901,6222.415273,0.172418905,Contract,4.5,1,0,63.32,2.35,0,Tier-3,6075.72,0
APP100674,34158.63397,29.42114243,2911.408067,0.085231982,Contract,2.6,1,1,52.89,1.0,0,Tier-3,719.22,0
APP100675,29732.05762,38.87671243,3485.018026,0.117214156,Salaried,13.9,2,3,51.21,1.42,0,Tier-2,6430.39,0
APP100676,41736.20154,34.59649188,7602.613055,0.18215872,Salaried,8.8,4,1,28.54,2.1,4,Tier-3,1565.17,1
APP100677,42236.45609,24.6867331,4749.068675,0.112440037,Salaried,2.0,3,1,51.23,1.28,1,Tier-2,9594.04,0
APP100678,28796.85084,44.62864841,706.2289942,0.024524522,Self-Employed,12.9,4,0,60.23,1.0,1,Tier-2,6864.3,0
APP100679,55097.38848,33.92942424,9342.479427,0.169563017,Self-Employed,7.4,0,0,37.39,2.69,2,Tier-3,13648.93,1
APP100680,40916.56415,48.31974071,5219.804028,0.127571905,Salaried,16.5,0,0,9.97,1.85,0,Tier-1,8436.48,0
APP100681,20908.3351,28.81852198,3133.624447,0.149874413,Contract,3.1,0,0,19.0,2.28,0,Tier-1,1100.34,1
APP100682,57999.77239,62.77011063,859.5892942,0.014820563,Salaried,29.9,3,1,54.57,1.0,3,Tier-1,10580.23,0
APP100683,57746.58159,63.62530548,727.194665,0.012592861,Salaried,15.3,0,2,29.44,1.0,3,Tier-2,3855.39,0
APP100684,55116.23451,41.46888524,10284.60679,0.186598502,Self-Employed,13.3,0,1,80.1,1.62,1,Tier-1,12474.98,0
APP100685,57765.52116,43.88730905,5445.22266,0.094264235,Salaried,4.1,0,1,9.54,1.0,1,Tier-3,5361.76,0
APP100686,45200.9928,43.90542902,7335.962568,0.162296492,Salaried,9.7,1,0,42.34,1.87,2,Tier-1,4301.47,0
APP100687,42435.18949,51.48952681,2766.280914,0.065188372,Salaried,12.1,0,0,7.25,1.0,0,Tier-3,9805.09,0
APP100688,46365.57352,41.85261305,5443.276307,0.117399094,Salaried,11.4,1,0,19.04,1.41,0,Tier-1,1068.41,0
APP100689,57187.70089,59.47191821,9390.672261,0.1642079,Salaried,8.0,2,0,50.64,2.5,0,Tier-1,3695.02,0
APP100690,66539.9276,57.70555929,12129.08223,0.182282769,Salaried,24.8,2,0,58.88,2.83,1,Tier-1,7788.13,0
APP100691,25244.7267,53.3790106,1278.999504,0.050664027,Contract,9.9,1,2,23.93,1.0,0,Tier-1,4573.49,0
APP100692,54780.34561,61.38897114,8134.220408,0.148487935,Salaried,24.1,2,0,54.14,2.2,1,Tier-2,9254.6,0
APP100693,59253.12146,36.92041154,7327.283577,0.123660719,Salaried,12.0,1,1,55.1,1.47,2,Tier-3,10307.95,0
APP100694,48540.34154,21.23915762,1012.934993,0.0208679,Contract,1.6,1,1,16.77,1.0,1,Tier-1,10795.62,0
APP100695,30415.10508,22.98363585,4362.083152,0.143418316,Salaried,3.0,0,1,48.02,2.05,0,Tier-2,1454.97,1
APP100696,48768.69924,25.92502563,500.5991056,0.010264762,Self-Employed,4.3,1,1,78.08,1.0,1,Tier-2,6832.36,0
APP100697,52299.21808,18.30974563,7880.685807,0.150684582,Salaried,0.1,0,0,26.51,2.27,2,Tier-1,9772.63,1
APP100698,42242.48912,34.22076686,2070.379381,0.049011775,Contract,10.3,2,0,30.08,1.0,0,Tier-2,7025.23,0
APP100699,28218.96527,42.62439388,1305.082433,0.046248416,Salaried,8.0,1,1,44.83,1.0,0,Tier-1,3474.1,0
APP100700,40208.13186,61.37191328,459.0346888,0.011416464,Self-Employed,21.4,1,0,13.57,1.0,1,Tier-3,962.44,0
APP100701,61419.67284,30.65182339,9921.672387,0.161538998,Salaried,7.6,1,1,15.33,1.96,0,Tier-2,2082.37,1
APP100702,51282.50524,26.55138677,8445.385343,0.164683556,Salaried,3.2,2,0,59.72,1.44,3,Tier-1,2428.56,1
APP100703,36017.90275,43.5236232,1526.392476,0.042378716,Self-Employed,8.5,2,1,69.45,1.0,2,Tier-2,3563.7,0
APP100704,57575.00979,33.80013512,9857.22995,0.171206744,Salaried,6.7,2,1,67.94,1.81,0,Tier-1,2709.5,1
APP100705,53330.76714,42.3772463,2343.497556,0.043942694,Self-Employed,15.6,1,0,31.34,1.0,2,Tier-2,6292.97,0
APP100706,39834.51984,63.31227526,699.9557764,0.017571588,Salaried,32.1,1,1,35.5,1.0,1,Tier-3,2433.4,0
APP100707,62469.42837,24.26485536,7286.550391,0.116641861,Self-Employed,3.0,2,0,44.94,1.21,0,Tier-3,12444.42,0
APP100708,40334.61673,45.88654158,6808.869955,0.168809586,Salaried,15.3,0,0,48.6,2.67,0,Tier-1,8891.45,0
APP100709,47542.8027,40.87333755,9448.209721,0.1987306,Salaried,15.8,1,0,56.51,2.71,2,Tier-1,5211.59,0
APP100710,55883.62286,27.37033802,974.5630674,0.017439153,Self-Employed,2.0,0,0,47.8,1.0,0,Tier-2,7689.94,0
APP100711,29163.01588,43.95617132,1469.129704,0.050376467,Self-Employed,7.5,0,2,46.48,1.0,0,Tier-3,6978.83,0
APP100712,47786.14106,29.7081893,7181.478553,0.15028371,Salaried,6.7,1,0,19.22,1.76,0,Tier-3,6841.39,1
APP100713,29736.3105,35.29839844,657.0484089,0.022095828,Salaried,11.1,0,1,15.71,1.0,0,Tier-1,7400.38,0
APP100714,50831.42753,24.35160252,9572.586884,0.188320245,Salaried,4.2,0,1,54.59,2.31,2,Tier-3,2678.31,1
APP100715,62030.046,46.53578454,7572.567589,0.122079026,Self-Employed,11.4,0,0,27.02,1.01,3,Tier-3,13541.91,0
APP100716,54049.01274,54.62035318,4569.647911,0.084546372,Self-Employed,7.5,2,0,12.72,1.14,2,Tier-1,7261.85,0
APP100717,34336.01759,35.83065171,3441.644524,0.100234237,Salaried,7.4,3,2,52.53,1.19,2,Tier-3,866.1,0
APP100718,31895.71531,48.18590728,3423.346172,0.107329343,Contract,8.7,1,0,77.23,1.54,3,Tier-1,7770.16,0
APP100719,51894.5401,59.0037683,6579.534007,0.126786633,Salaried,13.3,2,0,25.1,1.84,0,Tier-1,12556.46,0
APP100720,37616.71086,53.44466025,5732.240108,0.152385469,Contract,21.7,1,1,39.77,1.5,0,Tier-1,4068.33,0
APP100721,22076.948,56.99543936,3948.143344,0.178835559,Contract,7.6,2,0,32.82,1.5,1,Tier-2,5286.38,0
APP100722,56252.95371,57.27829057,7327.070282,0.130252188,Salaried,25.4,1,1,27.04,1.77,1,Tier-3,2949.47,0
APP100723,26316.75849,37.217654,923.0284413,0.035073789,Contract,7.8,2,0,36.78,1.0,1,Tier-2,4642.94,0
APP100724,23120.87961,40.29672232,1417.846522,0.061323209,Contract,11.3,1,0,32.43,1.0,0,Tier-1,1483.06,0
APP100725,39033.03271,59.67702219,5757.890479,0.147513275,Salaried,8.5,0,0,54.61,1.49,0,Tier-1,2994.96,0
APP100726,32420.81815,32.36179216,1494.212974,0.046088071,Salaried,5.1,0,0,12.83,1.0,1,Tier-2,6459.77,0
APP100727,68827.24433,25.30253079,1049.175477,0.015243607,Self-Employed,1.5,0,2,40.59,1.0,3,Tier-2,7350.22,0
APP100728,58092.20489,41.81365235,5277.74042,0.090851095,Salaried,17.3,1,0,22.38,1.0,1,Tier-2,1257.08,0
APP100729,43538.85612,46.32941211,8523.901116,0.195776873,Salaried,18.0,1,1,21.25,2.23,0,Tier-1,5018.93,0
APP100730,64040.48418,59.14480741,5408.727767,0.084457946,Salaried,17.5,0,0,23.57,1.12,2,Tier-2,4640.11,0
APP100731,34395.22922,25.54822433,2089.7325,0.060756464,Contract,2.1,0,1,75.24,1.0,0,Tier-3,6093.66,0
APP100732,57405.51493,45.64443499,6914.75154,0.120454482,Salaried,19.6,1,0,43.34,1.01,0,Tier-2,3715.47,0
APP100733,22581.13397,40.54886181,34.28510582,0.001518308,Salaried,8.0,0,0,71.82,1.0,1,Tier-2,4826.0,0
APP100734,27952.94598,42.09749811,3965.251974,0.141854529,Contract,5.9,2,0,19.77,2.11,2,Tier-3,2276.25,0
APP100735,54022.91284,26.5610123,10641.45144,0.196980335,Self-Employed,4.2,1,0,24.42,2.36,2,Tier-2,5963.94,1
APP100736,63546.16476,44.41273214,6170.239116,0.097098529,Salaried,18.9,2,0,61.31,1.53,2,Tier-2,5626.92,0
APP100737,60713.4303,56.03160353,396.2336776,0.006526294,Self-Employed,5.8,1,0,45.24,1.0,1,Tier-2,10206.07,0
APP100738,44519.32947,32.39165985,1446.468103,0.032490788,Contract,4.2,0,1,30.19,1.0,1,Tier-1,1926.25,0
APP100739,40997.79899,55.58120391,7908.331843,0.192896498,Salaried,26.8,1,0,9.02,1.84,0,Tier-2,5328.19,0
APP100740,63661.38333,25.59552438,6095.308749,0.095745779,Salaried,1.9,1,1,35.6,1.3,3,Tier-3,6170.35,0
APP100741,34429.14674,39.7149896,2240.277404,0.065069211,Contract,4.7,1,0,42.87,1.0,2,Tier-1,7689.81,0
APP100742,29181.86143,48.24064781,2529.612969,0.086684428,Contract,14.9,1,0,32.2,1.11,0,Tier-3,1076.37,0
APP100743,52510.43824,40.27914024,1858.30824,0.035389311,Salaried,14.9,0,0,35.12,1.0,2,Tier-2,11070.77,0
APP100744,37536.34724,25.85667757,2634.358585,0.070181538,Self-Employed,3.4,3,1,72.49,1.0,1,Tier-2,2198.37,0
APP100745,35683.74495,44.49787917,4337.825559,0.121563069,Contract,19.8,0,0,49.01,1.01,4,Tier-2,1440.65,0
APP100746,45622.29071,41.63254532,528.1812501,0.011577263,Self-Employed,13.2,2,0,28.73,1.0,2,Tier-1,3035.45,0
APP100747,67385.40318,29.03367936,6747.232379,0.10012899,Salaried,2.1,1,0,25.65,1.23,0,Tier-3,2938.69,0
APP100748,69411.79253,47.07372685,12176.78244,0.175428151,Self-Employed,21.7,5,0,79.68,1.95,2,Tier-2,9705.59,0
APP100749,48322.51407,29.26263398,7732.696396,0.160022643,Self-Employed,4.4,1,0,56.44,1.97,1,Tier-3,11949.65,1
APP100750,40836.58881,22.16826291,6994.487801,0.171279923,Salaried,1.3,2,2,42.51,2.21,0,Tier-2,1139.15,1
APP100751,38035.95133,60.65521047,4298.705028,0.113016893,Self-Employed,20.7,1,0,46.02,1.04,2,Tier-2,4794.79,0
APP100752,42696.97137,44.52967068,222.1964386,0.005204033,Salaried,8.8,1,1,72.94,1.0,1,Tier-3,4645.27,0
APP100753,24181.69479,22.30012538,1529.018868,0.063230426,Self-Employed,0.9,1,2,84.78,1.0,0,Tier-1,2372.45,0
APP100754,33194.40264,51.17971212,6615.387858,0.19929227,Salaried,5.0,1,0,61.79,2.15,2,Tier-2,3197.57,0
APP100755,32541.46153,34.40508616,780.8328568,0.023995015,Salaried,6.9,1,0,36.72,1.0,2,Tier-1,7349.58,0
APP100756,38381.41306,54.08337144,322.7241556,0.008408345,Salaried,23.5,0,1,35.89,1.0,0,Tier-3,935.14,0
APP100757,25921.91253,58.42607932,5104.746789,0.196927861,Salaried,19.9,1,2,85.22,1.83,1,Tier-2,5138.52,0
APP100758,58810.97173,22.10938059,9099.724338,0.154728345,Self-Employed,3.1,1,1,57.94,1.7,2,Tier-3,4597.53,1
APP100759,63025.74408,56.56693154,2956.977746,0.046916983,Self-Employed,12.4,1,1,9.48,1.0,0,Tier-3,6816.74,0
APP100760,29954.00451,61.83684471,5774.07427,0.192764686,Self-Employed,14.0,1,1,61.29,1.86,3,Tier-1,3493.67,0
APP100761,40641.52302,37.66419864,5042.326368,0.124068342,Salaried,4.8,1,1,36.54,1.41,0,Tier-1,3661.33,0
APP100762,43940.9107,38.30598195,2855.379187,0.064982249,Self-Employed,5.0,2,1,52.71,1.0,0,Tier-2,1824.36,0
APP100763,65166.97287,25.65628186,8859.087469,0.135944437,Self-Employed,2.5,0,1,14.7,1.94,0,Tier-2,3016.98,1
APP100764,58820.38206,30.75231565,530.6578241,0.009021666,Salaried,8.0,0,0,47.16,1.0,1,Tier-1,5209.73,0
APP100765,50719.76308,43.20724465,4770.937668,0.094064668,Contract,17.5,0,0,34.25,1.0,2,Tier-1,10601.25,0
APP100766,46766.59592,47.77517095,2383.407757,0.050963892,Self-Employed,21.9,0,0,51.83,1.0,1,Tier-2,2383.43,0
APP100767,67520.7596,45.41562414,13041.77945,0.193152144,Self-Employed,7.9,1,1,22.27,3.08,0,Tier-1,12883.44,0
APP100768,28386.25355,31.12533241,1718.943782,0.0605555,Self-Employed,8.9,2,1,37.6,1.0,2,Tier-3,2453.71,0
APP100769,68276.03076,34.51488127,4842.07796,0.070919148,Self-Employed,5.7,3,0,28.32,1.0,0,Tier-3,15239.0,0
APP100770,30731.72628,40.38884294,1129.562412,0.03675558,Contract,4.9,0,0,44.78,1.0,0,Tier-3,3642.19,0
APP100771,30012.25109,54.94011866,3972.151405,0.132350999,Contract,24.8,0,0,62.13,1.24,0,Tier-1,1785.62,0
APP100772,38075.31877,53.10735995,6928.943621,0.181979924,Contract,18.7,1,1,39.76,1.64,0,Tier-1,9394.86,0
APP100773,55932.39657,44.39262234,4876.366909,0.087183228,Salaried,6.6,0,1,65.86,1.25,1,Tier-2,3390.95,0
APP100774,27966.24445,53.70027324,4445.203178,0.158948878,Contract,14.6,0,0,56.74,1.9,0,Tier-3,4210.39,0
APP100775,53825.53674,49.71390438,5272.804792,0.097961026,Salaried,10.2,2,1,39.26,1.28,0,Tier-1,8124.21,0
APP100776,65451.49652,60.27638934,8129.048931,0.124199588,Salaried,25.0,2,0,31.95,1.32,3,Tier-1,6921.31,0
APP100777,39473.99586,42.30125384,6034.153228,0.152864008,Salaried,10.3,1,2,24.27,1.9,0,Tier-1,9428.06,0
APP100778,42344.80871,47.41810839,6800.246806,0.160592219,Salaried,21.9,1,0,30.5,1.62,2,Tier-2,9065.65,0
APP100779,36112.87441,60.5793527,3737.212187,0.103486977,Contract,7.8,1,0,34.01,1.08,2,Tier-2,7614.71,0
APP100780,32720.5048,33.80450352,4367.26495,0.133471808,Contract,5.7,1,0,61.9,1.76,1,Tier-1,7985.6,1
APP100781,27973.82656,49.67421964,403.4021354,0.014420699,Contract,13.9,0,2,24.76,1.0,1,Tier-2,3500.51,0
APP100782,21306.03312,35.09416354,3791.023528,0.177931927,Self-Employed,7.7,2,1,41.38,2.3,1,Tier-2,902.37,0
APP100783,36029.30158,52.64062442,2928.100439,0.081269975,Contract,11.8,0,0,37.65,1.2,0,Tier-2,7063.72,0
APP100784,48457.96355,22.34492363,8108.172683,0.167323843,Contract,2.6,1,3,43.23,1.5,3,Tier-2,5213.44,1
APP100785,46038.51066,39.03867278,6868.987805,0.149200913,Salaried,14.2,3,1,43.98,2.26,1,Tier-3,2936.31,0
APP100786,34247.15902,34.70098954,6458.790585,0.188593471,Salaried,11.9,2,2,39.86,1.63,3,Tier-2,4491.41,1
APP100787,64247.615,31.60316207,4513.203694,0.070247023,Salaried,8.6,0,1,22.26,1.0,3,Tier-2,14964.26,0
APP100788,62109.76709,41.24090602,2816.430158,0.045346011,Salaried,15.3,2,0,77.96,1.0,0,Tier-3,3690.07,0
APP100789,21481.80379,19.95945231,1137.657891,0.052959142,Contract,0.9,1,1,39.74,1.0,0,Tier-3,4622.9,0
APP100790,20762.47447,25.32912274,2385.224837,0.11488153,Contract,4.7,2,1,92.65,1.01,0,Tier-1,2412.33,0
APP100791,33756.52723,40.56759555,1169.835925,0.034655103,Salaried,7.5,0,1,51.18,1.0,3,Tier-1,1737.26,0
APP100792,54325.80727,29.63636931,6978.525057,0.128456905,Salaried,4.5,0,0,25.51,2.03,3,Tier-3,11687.0,1
APP100793,33197.8078,59.48684823,3993.146866,0.12028345,Contract,14.1,1,0,31.35,1.14,1,Tier-1,8067.49,0
APP100794,56846.47423,30.28092755,5268.227475,0.092674657,Salaried,5.3,1,3,13.12,1.41,0,Tier-3,4945.2,0
APP100795,26542.93109,45.82942652,4233.089586,0.159480864,Contract,8.9,1,0,53.88,1.99,0,Tier-1,2383.91,0
APP100796,53200.54815,59.6917193,3090.473119,0.058091001,Salaried,30.3,0,0,6.33,1.0,2,Tier-3,5842.78,0
APP100797,38073.4069,32.21450809,2284.005677,0.059989527,Self-Employed,4.8,1,1,56.51,1.0,3,Tier-2,7890.71,0
APP100798,43937.21904,56.40968222,3213.541963,0.073139403,Contract,8.0,0,2,22.23,1.05,0,Tier-3,984.02,0
APP100799,49284.81941,51.93972912,493.589997,0.010015051,Salaried,15.8,0,0,41.97,1.0,0,Tier-1,3524.36,0
APP100800,22869.32345,25.9064452,527.5515684,0.023068088,Contract,1.5,0,1,59.21,1.0,1,Tier-3,4170.38,0
APP100801,60113.34254,40.77430558,8253.384569,0.13729705,Salaried,4.9,3,0,22.12,1.84,0,Tier-1,6810.67,0
APP100802,23613.25569,32.4735058,2469.234585,0.104569849,Salaried,4.1,1,0,35.61,1.15,3,Tier-1,2266.12,0
APP100803,68755.09442,53.22813215,10990.53375,0.159850464,Salaried,15.1,2,1,57.03,1.52,1,Tier-1,15169.1,0
APP100804,26449.32829,46.47915325,2952.123152,0.111614296,Salaried,11.7,0,0,70.52,1.62,2,Tier-3,6109.45,0
APP100805,42855.41611,47.12736998,4923.814846,0.114893642,Contract,18.3,0,0,47.82,1.47,1,Tier-2,10201.17,0
APP100806,25686.77894,35.85071487,3728.397031,0.145148484,Contract,10.6,0,0,61.01,1.58,1,Tier-2,2123.95,0
APP100807,67125.64924,36.05850519,7482.067369,0.111463613,Self-Employed,7.3,3,1,67.03,1.29,0,Tier-2,15430.7,0
APP100808,27427.78945,59.70451918,719.9466646,0.026248804,Contract,14.6,1,0,43.87,1.0,2,Tier-3,5197.62,0
APP100809,37145.57306,53.19827894,1510.735507,0.040670674,Self-Employed,12.0,0,4,18.2,1.0,2,Tier-2,2060.44,0
APP100810,41702.60077,41.94405372,6105.727929,0.146411203,Salaried,14.7,1,0,72.71,1.28,1,Tier-2,6687.52,0
APP100811,20710.77596,49.55726981,3960.710873,0.191239135,Salaried,5.7,0,0,28.7,2.92,1,Tier-2,539.66,0
APP100812,39124.16436,44.5571086,401.3267334,0.010257771,Self-Employed,4.2,0,0,23.35,1.0,0,Tier-2,7156.87,0
APP100813,32834.64674,60.58021867,4184.578203,0.127443984,Self-Employed,26.7,2,3,55.14,1.37,0,Tier-1,6196.57,0
APP100814,26267.2214,58.79376696,1136.117271,0.043252282,Salaried,17.8,2,2,27.87,1.0,2,Tier-1,5294.1,0
APP100815,41254.2282,28.94820475,6993.049441,0.169511096,Contract,2.5,0,1,12.33,2.57,1,Tier-1,2462.08,1
APP100816,38268.6966,30.67684984,2522.057185,0.065903922,Salaried,3.7,1,0,29.87,1.0,1,Tier-1,6295.1,0
APP100817,37087.26876,57.5763008,6391.153194,0.172327416,Salaried,28.1,0,1,18.77,2.26,3,Tier-2,2267.41,0
APP100818,38458.13304,55.85685407,3644.30607,0.094760348,Salaried,25.2,2,0,55.07,1.43,1,Tier-2,9142.63,0
APP100819,40185.77567,31.00076808,1002.340574,0.024942671,Salaried,7.5,0,0,47.76,1.0,1,Tier-3,7042.66,0
APP100820,65481.94555,45.03857624,10614.24849,0.162094275,Self-Employed,11.9,2,2,67.75,2.37,0,Tier-1,2745.33,0
APP100821,57426.68048,20.1188451,2461.974406,0.042871613,Salaried,1.0,2,0,46.76,1.0,3,Tier-2,3618.88,0
APP100822,47903.31425,46.16901477,4283.226974,0.089414001,Self-Employed,20.7,3,0,44.64,1.19,1,Tier-2,8267.91,0
APP100823,34222.18775,52.24667845,3582.151364,0.10467336,Contract,25.0,3,0,82.29,1.15,0,Tier-1,4436.37,0
APP100824,28481.2656,47.42132836,5302.179943,0.186163776,Self-Employed,8.2,1,0,38.65,2.53,2,Tier-2,5392.88,0
APP100825,43069.65215,41.24003469,4091.561292,0.094998708,Contract,14.8,0,0,13.02,1.0,1,Tier-3,3642.89,0
APP100826,33093.96186,33.40317391,3852.992444,0.116425844,Self-Employed,4.1,2,0,54.08,1.0,2,Tier-1,5669.69,0
APP100827,61363.85606,62.13637386,9636.804731,0.157043663,Salaried,12.3,2,1,32.15,2.45,3,Tier-2,3724.84,0
APP100828,68100.73562,47.75294027,8124.59898,0.119302661,Self-Employed,16.5,2,1,39.36,1.0,2,Tier-1,9878.24,0
APP100829,50551.48034,56.7655671,5262.616088,0.104104095,Salaried,15.2,4,0,23.58,1.52,2,Tier-1,12147.21,0
APP100830,54421.05401,22.96153355,6229.836019,0.11447474,Salaried,3.5,0,0,23.0,1.07,0,Tier-2,8951.78,0
APP100831,32152.45974,57.48695513,3550.584889,0.11042965,Self-Employed,8.0,1,0,39.59,1.23,1,Tier-3,1012.76,0
APP100832,40230.97571,58.79409568,745.1947491,0.01852291,Salaried,18.6,0,0,14.73,1.0,2,Tier-2,9953.76,0
APP100833,53483.374,29.18999789,1459.668599,0.027292007,Salaried,7.8,1,2,26.43,1.0,1,Tier-2,2999.31,0
APP100834,65137.93776,42.13310957,10352.18177,0.158927073,Salaried,16.7,1,0,32.45,2.37,2,Tier-3,12060.67,0
APP100835,29496.59413,54.66582086,2216.975334,0.075160384,Contract,8.9,2,1,59.07,1.0,3,Tier-1,4202.73,0
APP100836,45181.93371,48.0968023,2243.153992,0.049647145,Contract,11.1,2,0,14.9,1.0,0,Tier-2,3962.59,0
APP100837,24994.7782,34.72335974,51.64026024,0.002066042,Contract,8.7,0,1,32.31,1.0,0,Tier-2,1519.22,0
APP100838,54820.97401,20.56039647,10070.94905,0.183706131,Salaried,0.6,0,4,16.36,1.97,2,Tier-3,3337.04,1
APP100839,62955.60829,29.54950978,207.5438178,0.003296669,Salaried,8.4,1,1,38.54,1.0,3,Tier-3,13688.56,0
APP100840,52956.24608,25.14710192,959.0972148,0.018111125,Salaried,5.0,2,2,23.34,1.0,3,Tier-3,11691.14,0
APP100841,40366.20324,32.07200804,7410.792024,0.183589028,Contract,3.5,2,0,17.97,1.92,2,Tier-1,5125.84,1
APP100842,60005.01013,40.19488899,10677.66802,0.177946275,Salaried,4.9,2,0,56.14,1.71,3,Tier-2,2630.2,0
APP100843,37598.38508,54.66392931,3641.808411,0.096860767,Contract,7.4,3,0,58.44,1.4,2,Tier-2,8397.9,0
APP100844,61323.0009,60.16601647,8699.946682,0.141870857,Salaried,29.3,1,0,39.85,2.05,0,Tier-2,8095.48,0
APP100845,21243.9323,57.86806022,3438.979277,0.161880542,Contract,10.6,3,1,99.64,1.94,2,Tier-2,2568.72,0
APP100846,62111.43441,25.97645859,499.2085782,0.008037306,Salaried,3.2,1,2,42.99,1.0,0,Tier-1,7061.58,0
APP100847,56524.87881,54.91097151,5296.940273,0.093709892,Self-Employed,15.5,1,0,17.07,1.27,0,Tier-1,5875.95,0
APP100848,51718.13696,34.35049974,1036.616804,0.020043584,Self-Employed,8.3,2,1,49.37,1.0,1,Tier-1,7291.29,0
APP100849,43205.63175,23.12587725,4835.274657,0.111913065,Salaried,1.0,1,3,34.29,1.27,1,Tier-3,6871.62,0
APP100850,26934.19744,35.9790102,4113.299167,0.152716604,Salaried,5.1,1,3,46.89,2.44,1,Tier-3,3428.17,0
APP100851,68966.82256,54.39248814,6690.635338,0.097012376,Self-Employed,25.8,0,1,56.21,1.0,0,Tier-1,15602.3,0
APP100852,31527.3472,59.02264656,2062.719158,0.065426347,Salaried,28.5,1,1,25.12,1.0,0,Tier-3,2934.0,0
APP100853,46839.06109,28.73335871,1498.200316,0.03198613,Contract,6.6,4,0,10.68,1.0,0,Tier-1,7166.93,0
APP100854,32151.29686,42.91491157,4601.940086,0.143133887,Self-Employed,4.0,1,0,26.48,1.93,1,Tier-1,2861.12,0
APP100855,40831.80192,47.1495458,6429.593688,0.157465343,Self-Employed,10.1,2,0,37.57,2.37,2,Tier-1,7891.58,0
APP100856,30868.80482,58.13656775,4618.392184,0.149613573,Contract,21.1,2,0,22.48,1.6,3,Tier-3,1342.42,0
APP100857,62988.82643,32.47461294,6924.901569,0.109938571,Salaried,4.6,1,1,72.8,1.12,3,Tier-2,3993.54,0
APP100858,65496.76748,61.95993475,11805.55577,0.180246388,Salaried,30.6,3,0,48.19,2.67,1,Tier-1,13379.44,0
APP100859,63032.62627,24.78843756,390.3358609,0.0061926,Salaried,3.6,1,0,15.37,1.0,2,Tier-2,3916.56,0
APP100860,27287.07454,18.69579873,4509.881422,0.165275373,Self-Employed,0.1,0,1,46.96,2.26,0,Tier-1,4472.94,1
APP100861,44299.37174,24.37145815,5154.909843,0.116365304,Salaried,4.4,4,0,85.5,1.07,0,Tier-1,10771.66,0
APP100862,44091.34923,30.48523032,1664.104927,0.037742209,Contract,9.0,0,0,66.64,1.0,2,Tier-1,6184.47,0
APP100863,26617.03032,28.61650924,2727.241681,0.102462283,Contract,2.1,1,1,49.06,1.27,2,Tier-1,1679.57,0
APP100864,21856.23353,47.72276785,1500.653745,0.068660217,Contract,14.0,1,0,50.81,1.0,2,Tier-3,2049.22,0
APP100865,28072.60436,54.14254823,1.377629593,4.90738e-05,Self-Employed,12.0,0,0,38.26,1.0,2,Tier-2,5878.27,0
APP100866,35950.48845,35.47184697,2664.925675,0.074127663,Contract,6.7,1,1,32.22,1.01,0,Tier-1,3626.76,0
APP100867,28982.11236,35.26825118,1440.499168,0.049703043,Contract,4.5,0,1,95.26,1.0,3,Tier-1,5402.49,0
APP100868,51790.72645,41.15087779,1281.035729,0.024734848,Salaried,11.5,1,0,8.77,1.0,2,Tier-1,10295.51,0
APP100869,65000.81962,21.69969953,1114.914824,0.017152319,Self-Employed,2.7,0,0,42.34,1.0,2,Tier-1,8792.79,0
APP100870,29761.04601,21.85429135,3748.258124,0.125945107,Contract,1.7,1,0,47.95,1.23,2,Tier-2,5956.35,1
APP100871,23081.45074,53.89681841,257.6612015,0.011163129,Contract,7.2,1,0,47.77,1.0,0,Tier-1,2143.98,0
APP100872,60016.74099,22.73860251,1522.646768,0.025370367,Salaried,2.5,1,0,39.93,1.0,0,Tier-2,8325.33,0
APP100873,54619.15536,53.59786282,901.2777768,0.01650113,Salaried,12.6,1,0,64.5,1.0,0,Tier-1,9717.21,0
APP100874,66274.2081,36.37462344,10257.91839,0.154779947,Salaried,12.2,3,2,32.97,1.82,0,Tier-1,3887.43,0
APP100875,49380.65863,45.47104991,5425.280945,0.109866516,Salaried,11.3,1,3,47.48,1.47,0,Tier-3,4095.29,0
APP100876,46283.06746,48.28858511,2166.1231,0.046801632,Salaried,8.0,0,1,2.43,1.0,1,Tier-1,7866.66,0
APP100877,25554.69852,42.79692147,4229.914353,0.165523939,Self-Employed,6.6,3,1,25.77,1.51,3,Tier-1,4363.03,0
APP100878,36680.18192,22.14626261,4849.333785,0.132205827,Contract,2.5,3,0,46.18,1.48,3,Tier-1,4895.32,1
APP100879,30383.67633,46.8319496,2153.607725,0.07088042,Salaried,8.9,0,0,22.36,1.0,2,Tier-1,6167.42,0
APP100880,67730.4437,26.30314698,8881.583636,0.131131337,Salaried,5.1,1,0,46.57,1.84,0,Tier-1,8864.06,1
APP100881,36446.72414,40.61685061,2927.675444,0.080327533,Self-Employed,6.2,2,1,52.42,1.0,1,Tier-1,8116.84,0
APP100882,33648.73899,60.97094456,1498.161255,0.044523548,Salaried,14.7,1,1,53.2,1.0,2,Tier-3,6368.29,0
APP100883,53852.79954,42.78285555,2089.909464,0.038807815,Salaried,10.6,0,0,30.62,1.0,0,Tier-2,4974.91,0
APP100884,61298.21867,48.28503024,9399.504602,0.153340583,Self-Employed,21.7,0,2,29.63,2.26,2,Tier-2,6798.49,0
APP100885,69465.74696,20.58523169,7983.705373,0.114930102,Salaried,1.8,2,0,4.59,1.41,3,Tier-2,12057.03,0
APP100886,39102.04171,29.30086538,4200.697505,0.107429109,Self-Employed,3.1,1,1,41.41,1.67,1,Tier-2,8826.27,0
APP100887,29366.58233,22.48404853,4049.253865,0.137886453,Self-Employed,1.6,1,1,59.16,1.19,2,Tier-1,1794.39,1
APP100888,67949.73807,34.47967882,1790.348617,0.026348131,Salaried,3.9,0,0,35.32,1.0,0,Tier-1,9402.38,0
APP100889,29468.85918,22.78963669,3703.953047,0.125690412,Self-Employed,2.2,0,0,50.29,1.78,2,Tier-1,1394.48,1
APP100890,56839.4019,36.55239093,9004.801714,0.158425343,Self-Employed,7.9,1,0,5.91,2.03,0,Tier-2,4790.12,0
APP100891,38277.93687,44.90919805,7405.80321,0.193474461,Self-Employed,18.6,3,0,61.08,1.58,0,Tier-1,6804.89,0
APP100892,49664.27072,39.94416069,5571.456364,0.112182386,Contract,15.5,0,2,32.15,1.77,2,Tier-1,1881.23,0
APP100893,49972.01083,32.39698399,763.9541159,0.01528764,Self-Employed,5.5,2,1,29.13,1.0,2,Tier-1,8612.3,0
APP100894,27356.80095,63.48787362,2983.583322,0.10906185,Contract,20.2,2,1,70.91,1.09,2,Tier-1,6215.1,0
APP100895,36840.60366,36.67458349,6557.940331,0.178008493,Contract,12.8,0,1,42.66,2.12,1,Tier-1,8950.62,0
APP100896,51438.81407,46.01234316,6898.783719,0.134116306,Self-Employed,17.8,0,2,78.02,1.65,2,Tier-1,3591.74,0
APP100897,40614.72205,20.93267159,2649.695356,0.065239776,Salaried,0.4,0,0,32.77,1.0,2,Tier-1,7808.04,0
APP100898,56738.63732,63.37394217,3210.807048,0.056589428,Salaried,15.5,0,1,37.29,1.0,4,Tier-1,13223.8,0
APP100899,68004.68622,41.53109727,2698.047781,0.039674439,Salaried,9.5,1,2,40.05,1.0,3,Tier-1,2789.21,0
APP100900,44458.63729,52.08290527,1456.234944,0.032754826,Salaried,9.8,3,0,32.97,1.0,2,Tier-1,5122.77,0
APP100901,66801.19751,19.13513823,288.6467693,0.004320982,Salaried,0.3,0,1,10.48,1.0,2,Tier-1,15462.09,0
APP100902,48991.85368,18.6213071,7453.264268,0.152132726,Salaried,0.1,1,0,26.77,2.33,1,Tier-2,3264.87,1
APP100903,69430.93662,58.94091428,2648.220452,0.038141794,Salaried,21.9,0,2,7.74,1.0,0,Tier-1,16299.95,0
APP100904,27989.1111,27.80092017,1770.818279,0.063268114,Salaried,3.0,0,0,27.66,1.0,0,Tier-1,3953.58,0
APP100905,67675.80477,37.74039569,4396.076877,0.064957881,Self-Employed,3.6,0,2,23.89,1.0,3,Tier-1,2908.4,0
APP100906,47985.72247,33.55977398,8801.610127,0.183421436,Contract,4.5,2,0,50.62,2.79,2,Tier-1,5924.88,1
APP100907,43388.20947,35.70435679,7007.154253,0.161499042,Salaried,11.2,2,2,84.26,1.45,2,Tier-1,4123.62,0
APP100908,63182.45567,25.58638213,3493.224567,0.055287889,Salaried,5.0,0,1,42.79,1.0,1,Tier-3,5364.63,0
APP100909,20568.89131,25.85385679,2257.064782,0.109731961,Self-Employed,3.5,0,1,21.5,1.01,0,Tier-3,2973.01,0
APP100910,25833.71723,19.20759964,3716.254685,0.143852882,Salaried,0.5,3,0,72.35,1.36,1,Tier-1,3390.06,1
APP100911,23087.3014,37.61963726,423.4183995,0.018339883,Self-Employed,14.5,1,2,48.47,1.0,1,Tier-2,3021.03,0
APP100912,36124.71783,25.05472696,6485.05748,0.179518564,Self-Employed,1.9,2,1,9.59,2.27,1,Tier-1,1454.84,1
APP100913,57330.61941,44.4456513,1058.039202,0.018455046,Salaried,7.4,2,1,92.73,1.0,3,Tier-1,11726.01,0
APP100914,47240.25312,55.00972136,4286.345614,0.090735026,Salaried,12.0,1,1,46.67,1.0,0,Tier-2,6175.77,0
APP100915,55730.62923,55.15643796,9286.357545,0.166629332,Salaried,9.4,0,1,44.51,1.98,1,Tier-1,11637.02,0
APP100916,61660.40132,48.89875823,1684.526564,0.027319423,Salaried,11.7,2,2,15.4,1.0,1,Tier-2,12927.52,0
APP100917,49746.88744,29.36146193,7354.129523,0.147830948,Contract,7.9,1,2,48.34,2.16,4,Tier-2,4623.53,1
APP100918,23973.68759,55.28829775,95.46072238,0.003981896,Salaried,19.4,1,1,57.1,1.0,3,Tier-2,503.44,0
APP100919,28085.4796,45.03212598,4431.280471,0.157778344,Contract,10.7,2,0,55.88,1.5,1,Tier-3,6448.05,0
APP100920,33585.47474,60.37738544,3933.883012,0.117130487,Salaried,30.1,1,0,24.22,1.66,4,Tier-3,6547.82,0
APP100921,44179.3851,51.30649189,5888.375781,0.133283335,Self-Employed,6.0,3,0,39.26,1.44,1,Tier-3,1973.4,0
APP100922,56025.41973,29.39644446,4341.626699,0.077493872,Self-Employed,3.1,1,0,50.5,1.0,0,Tier-1,10162.86,0
APP100923,49369.70415,51.37341727,109.3796228,0.002215521,Salaried,16.3,1,1,35.56,1.0,1,Tier-1,1214.76,0
APP100924,26889.36474,62.62510846,675.7120311,0.025129342,Contract,23.2,0,0,50.12,1.0,0,Tier-2,709.46,0
APP100925,30873.21764,38.95273955,4076.87675,0.132052214,Contract,3.6,2,0,14.46,1.82,2,Tier-3,4351.25,0
APP100926,30608.94324,46.47670398,2632.551811,0.086005969,Self-Employed,11.2,3,1,19.05,1.14,3,Tier-1,1288.29,0
APP100927,54878.08965,42.88355929,1504.473462,0.027414829,Salaried,13.4,0,0,42.42,1.0,2,Tier-3,13269.38,0
APP100928,32423.80685,63.18998659,2961.952368,0.09135116,Self-Employed,25.7,1,1,17.59,1.07,0,Tier-1,7314.2,0
APP100929,46608.36902,20.40499151,1521.868405,0.032652256,Salaried,1.3,0,2,64.59,1.0,0,Tier-1,7898.1,0
APP100930,65689.1897,28.10870743,255.072656,0.003883023,Salaried,3.5,1,2,25.58,1.0,0,Tier-1,2276.33,0
APP100931,49054.86027,54.06866362,1102.240361,0.022469544,Self-Employed,7.4,1,1,28.84,1.0,0,Tier-2,4646.09,0
APP100932,20310.57756,54.26474774,1279.113098,0.062977682,Salaried,14.7,2,0,48.84,1.0,0,Tier-3,2142.69,0
APP100933,66423.39933,18.87435711,1066.214601,0.016051792,Salaried,0.2,3,0,25.88,1.0,1,Tier-1,8675.05,0
APP100934,45783.15475,63.88504374,7492.90982,0.163660846,Self-Employed,33.0,1,0,24.2,2.6,2,Tier-3,2694.23,0
APP100935,62887.76267,42.8418414,6849.484223,0.108916011,Salaried,10.8,0,0,58.47,1.12,2,Tier-2,9610.99,0
APP100936,51088.21078,52.08587159,9097.112036,0.178066757,Contract,11.6,1,1,45.56,2.18,0,Tier-2,6142.2,0
APP100937,66217.94485,19.08162361,745.0760945,0.011251876,Self-Employed,0.7,0,0,68.18,1.0,1,Tier-3,15751.81,0
APP100938,62799.75061,35.36149204,6752.586071,0.107525683,Salaried,7.8,0,1,84.66,1.0,0,Tier-1,14778.35,0
APP100939,45789.48752,36.29805129,4545.157459,0.099262029,Salaried,6.1,0,5,53.45,1.51,0,Tier-3,6871.13,0
APP100940,59727.40599,50.24148795,5203.325181,0.087117883,Salaried,20.5,1,0,50.25,1.0,1,Tier-1,10046.17,0
APP100941,35513.58955,60.80701767,6983.360741,0.196639113,Contract,28.7,1,0,33.85,2.94,0,Tier-1,1835.81,0
APP100942,29178.97759,63.93073469,1664.386062,0.057040589,Salaried,25.4,3,1,63.13,1.0,2,Tier-2,2082.34,0
APP100943,67501.69225,49.63745902,7589.75999,0.11243807,Self-Employed,5.6,0,0,60.64,1.03,3,Tier-3,15333.99,0
APP100944,66255.02953,28.96002495,7475.212282,0.112824828,Salaried,5.4,4,2,16.33,1.19,1,Tier-2,11979.45,0
APP100945,63558.86409,36.35685466,9282.927735,0.146052449,Salaried,11.2,2,4,16.12,1.57,2,Tier-2,4040.37,0
APP100946,63441.71236,18.67128938,3119.412678,0.049169743,Salaried,0.2,0,1,8.95,1.0,0,Tier-3,9589.11,0
APP100947,64983.15424,27.29197161,9109.774342,0.140186706,Self-Employed,2.7,1,1,38.77,1.13,3,Tier-1,15270.72,1
APP100948,56946.64594,55.40901375,11175.84107,0.196251085,Self-Employed,25.4,1,2,24.59,2.58,0,Tier-3,5659.89,0
APP100949,52349.87246,35.52249918,5181.848501,0.098984931,Contract,2.8,2,1,54.57,1.0,0,Tier-1,3284.36,0
APP100950,31473.45878,27.99340911,797.3459721,0.025333916,Contract,6.0,0,0,87.42,1.0,0,Tier-1,7448.69,0
APP100951,59267.3392,34.91269907,5085.311919,0.085802939,Salaried,7.3,4,0,33.03,1.22,1,Tier-1,7473.08,0
APP100952,66809.17325,31.05454812,1316.187128,0.019700695,Salaried,5.5,1,0,3.58,1.0,1,Tier-1,7747.57,0
APP100953,48083.31155,39.15730598,9193.095264,0.191190976,Salaried,3.3,1,1,59.3,1.85,4,Tier-1,3920.74,0
APP100954,20629.3473,28.30686155,3310.410118,0.160470909,Self-Employed,6.6,2,0,42.57,2.1,2,Tier-1,4642.94,1
APP100955,25363.33106,31.39079116,3946.001447,0.155578991,Self-Employed,4.9,0,1,32.5,1.44,1,Tier-1,5440.23,1
APP100956,28873.67417,62.3285863,2224.469765,0.077041451,Contract,21.0,0,0,30.62,1.0,1,Tier-2,3253.71,0
APP100957,41430.85526,33.68956136,5719.278116,0.138043931,Contract,8.7,1,0,11.61,1.8,2,Tier-2,1120.33,1
APP100958,53612.13123,23.28296645,5976.896568,0.111484032,Salaried,3.0,0,0,63.6,1.78,3,Tier-2,6579.81,0
APP100959,51555.74026,57.26359177,9217.688669,0.178790735,Contract,28.4,3,0,73.34,2.7,2,Tier-1,3175.7,0
APP100960,46564.3789,50.65129969,599.830324,0.012881742,Salaried,15.3,4,0,47.16,1.0,1,Tier-2,2459.94,0
APP100961,61200.42748,19.22777832,406.8518612,0.00664786,Salaried,0.5,1,1,47.65,1.0,2,Tier-1,6757.23,0
APP100962,29307.32077,61.16495696,481.8426971,0.016441035,Contract,31.2,0,0,15.05,1.0,2,Tier-2,1253.99,0
APP100963,67687.18308,20.8043048,10506.32803,0.155218869,Salaried,1.5,1,1,9.9,1.92,0,Tier-1,16259.6,1
APP100964,52565.06574,55.69652935,372.9742533,0.007095478,Contract,12.4,2,1,53.08,1.0,0,Tier-2,1626.05,0
APP100965,52920.14801,20.99096653,9521.769942,0.179927122,Self-Employed,0.7,2,0,12.33,2.75,2,Tier-1,5943.73,1
APP100966,34981.36783,23.48770889,5502.736031,0.15730477,Salaried,3.6,2,1,58.66,1.55,3,Tier-3,2008.69,1
APP100967,65210.8371,27.52843972,12607.95166,0.193341356,Salaried,3.5,1,0,61.08,1.7,1,Tier-3,11635.35,1
APP100968,60016.07961,54.31724029,2857.007414,0.047604033,Salaried,19.8,0,1,62.58,1.0,4,Tier-2,2288.21,0
APP100969,23066.96468,33.091353,1933.353568,0.083814823,Contract,6.5,0,2,41.35,1.0,0,Tier-1,3362.36,0
APP100970,52603.87864,43.89546653,2043.089553,0.038839143,Salaried,7.0,1,1,61.4,1.0,1,Tier-1,10405.75,0
APP100971,20111.36326,53.49539456,1745.371922,0.086785361,Salaried,18.1,1,3,71.15,1.0,1,Tier-3,4796.84,0
APP100972,32759.70028,43.88045936,5211.32563,0.159077329,Self-Employed,4.8,2,1,34.09,1.97,3,Tier-2,5918.41,0
APP100973,30578.02016,55.36616174,3010.35024,0.098448174,Self-Employed,14.9,0,0,19.41,1.57,0,Tier-3,1311.28,0
APP100974,21211.58939,32.65119825,931.7810522,0.043927922,Contract,7.0,3,1,67.77,1.0,1,Tier-1,856.09,0
APP100975,53746.32658,29.35028859,9534.660206,0.177401151,Salaried,4.7,1,1,30.8,1.95,0,Tier-3,10118.69,1
APP100976,45214.10922,18.2999804,1779.727735,0.03936222,Contract,0.2,0,1,30.53,1.0,1,Tier-3,3143.55,0
APP100977,58465.0497,20.12688854,11417.06009,0.195280089,Salaried,1.4,1,0,57.36,2.51,3,Tier-2,7183.31,1
APP100978,54422.97349,58.57139504,444.6137769,0.008169597,Salaried,24.9,0,0,62.15,1.0,1,Tier-1,13313.1,0
APP100979,62842.06439,62.19707882,107.5972315,0.001712185,Salaried,7.7,0,1,20.69,1.0,2,Tier-1,13107.51,0
APP100980,53005.13229,45.68722047,2539.336749,0.047907375,Salaried,7.4,0,1,57.09,1.0,3,Tier-3,11381.08,0
APP100981,40749.02818,26.85401291,6207.186165,0.15232722,Salaried,4.2,2,0,59.19,1.98,0,Tier-3,8882.35,1
APP100982,49804.41083,20.03986423,7235.194717,0.145272168,Self-Employed,1.5,0,0,48.35,1.79,2,Tier-1,8092.99,1
APP100983,37277.24612,26.63314682,6289.256076,0.168715684,Contract,5.6,0,0,34.93,1.58,0,Tier-1,7123.86,1
APP100984,46883.20654,30.39988989,6342.567909,0.135284431,Self-Employed,8.1,1,2,32.9,1.52,0,Tier-3,4808.39,1
APP100985,31763.3692,35.60251728,3489.404122,0.109856234,Contract,5.8,1,1,59.01,1.26,2,Tier-2,7929.49,0
APP100986,61013.18158,24.70761897,1791.542962,0.029363212,Salaried,2.7,0,0,20.96,1.0,2,Tier-3,5144.21,0
APP100987,41285.3589,22.91107059,532.1002558,0.012888352,Self-Employed,2.1,2,0,61.19,1.0,1,Tier-3,6428.2,0
APP100988,39133.89186,21.60323147,433.4584179,0.011076292,Self-Employed,0.9,1,1,76.88,1.0,0,Tier-3,3321.46,0
APP100989,62171.80256,24.2437831,1035.462496,0.016654857,Self-Employed,1.1,2,0,8.75,1.0,3,Tier-1,2846.0,0
APP100990,53638.64595,44.02737436,109.4788536,0.002041044,Self-Employed,18.7,1,0,17.98,1.0,2,Tier-1,8075.02,0
APP100991,49264.58489,58.11954711,3051.574267,0.061942555,Contract,11.8,1,1,28.95,1.0,0,Tier-1,4989.03,0
APP100992,63114.49699,48.35108283,11890.75719,0.188399778,Salaried,8.9,0,0,17.33,1.59,1,Tier-3,9728.5,0
APP100993,58165.50622,45.72915357,4155.723767,0.071446533,Salaried,5.5,0,0,46.7,1.0,0,Tier-2,8637.35,0
APP100994,43029.80326,27.21015742,6894.165381,0.16021838,Salaried,6.5,0,0,54.89,2.24,1,Tier-1,6227.23,1
APP100995,21593.62266,51.54892278,458.0937244,0.021214306,Salaried,16.7,1,0,37.19,1.0,1,Tier-1,1044.25,0
APP100996,49104.76824,35.53851733,9452.217947,0.192490837,Salaried,9.7,1,1,27.02,1.81,1,Tier-1,5953.54,0
APP100997,65776.23241,39.79819134,2805.863745,0.042657715,Salaried,15.2,2,1,31.5,1.0,0,Tier-3,13599.95,0
APP100998,36192.14945,21.40240262,7236.17393,0.199937667,Salaried,1.2,3,1,35.26,2.11,2,Tier-2,3347.16,1
APP100999,62165.86119,19.6025431,4739.948954,0.076246816,Salaried,0.8,3,0,81.09,1.0,0,Tier-2,7589.29,0
APP101000,50793.35572,41.60188645,421.6403796,0.008301093,Self-Employed,4.1,0,1,32.66,1.0,2,Tier-1,6785.04,0
APP101001,62422.20379,32.14522141,2841.633423,0.045522799,Salaried,3.7,0,1,42.4,1.0,0,Tier-3,13634.77,0
APP101002,63166.99496,56.51003993,4058.789534,0.064254909,Self-Employed,25.0,2,3,71.28,1.0,1,Tier-1,10788.16,0
APP101003,23717.56785,49.32576952,1530.090242,0.064512949,Contract,19.1,0,0,22.78,1.0,0,Tier-2,1020.96,0
APP101004,66797.66467,21.38042855,11921.19954,0.17846731,Self-Employed,1.2,4,3,18.67,2.62,2,Tier-1,14627.98,1
APP101005,30272.20362,19.13244649,1440.072549,0.047570787,Contract,0.4,1,1,16.51,1.0,1,Tier-1,6398.79,0
APP101006,55741.19569,52.62685289,3181.780519,0.057081311,Salaried,16.3,0,1,56.08,1.0,0,Tier-1,10776.92,0
APP101007,30742.57971,26.44933684,5685.653641,0.184943934,Salaried,1.3,1,0,44.63,1.99,0,Tier-2,3910.25,1
APP101008,20491.56433,35.13483691,1579.168249,0.077064309,Contract,5.1,1,1,13.43,1.0,1,Tier-2,3980.19,0
APP101009,35620.41863,40.82467405,3611.295903,0.101382747,Contract,6.3,1,1,59.84,1.57,0,Tier-1,4634.6,0
APP101010,50206.13372,33.03111152,5826.462898,0.116050818,Self-Employed,4.5,1,0,19.5,1.0,2,Tier-1,9510.22,0
APP101011,67935.45387,60.9422627,8267.326053,0.121693837,Self-Employed,27.2,0,0,56.68,1.7,1,Tier-3,15110.57,0
APP101012,59223.3966,22.93963515,3901.402085,0.065876027,Self-Employed,1.6,0,1,40.19,1.0,2,Tier-1,13314.87,0
APP101013,32657.26868,32.81218796,1796.270503,0.055003697,Self-Employed,3.9,1,2,41.85,1.0,4,Tier-1,4067.56,0
APP101014,55931.65458,23.44133307,4053.519938,0.072472734,Self-Employed,2.5,3,0,51.91,1.0,1,Tier-2,12173.46,0
APP101015,23694.77887,22.86428448,764.29719,0.032255933,Contract,3.3,0,0,44.79,1.0,2,Tier-3,1026.82,0
APP101016,44324.28637,23.18086641,2672.692026,0.060298591,Self-Employed,1.5,1,1,7.02,1.0,2,Tier-1,1924.49,0
APP101017,34735.49175,62.35895581,1402.217854,0.040368447,Contract,8.7,2,0,55.97,1.0,3,Tier-3,5074.9,0
APP101018,67064.34474,22.58360992,1091.624816,0.016277276,Self-Employed,1.7,0,2,4.82,1.0,0,Tier-1,11395.86,0
APP101019,42761.49268,45.04937391,610.6578471,0.014280555,Contract,16.2,0,0,68.26,1.0,3,Tier-1,2359.95,0
APP101020,49517.72233,31.5493175,7337.950431,0.148188367,Salaried,6.5,1,2,27.32,1.8,3,Tier-1,6368.05,1
APP101021,54372.18266,29.97711781,839.1250812,0.015432985,Salaried,7.7,0,2,40.42,1.0,1,Tier-2,2267.51,0
APP101022,29941.96837,48.35844947,3170.045654,0.105872988,Salaried,22.0,1,2,63.14,1.51,1,Tier-1,4745.29,0
APP101023,68414.12078,51.04678129,6154.052457,0.089952957,Self-Employed,20.7,3,0,25.95,1.29,4,Tier-2,14823.4,0
APP101024,23891.24457,51.02920468,3475.905423,0.145488671,Salaried,16.9,0,0,6.55,1.67,2,Tier-1,4531.14,0
APP101025,47187.57155,24.22704766,7933.469449,0.16812625,Salaried,2.8,1,1,32.41,1.86,1,Tier-1,5049.4,1
APP101026,39819.92094,63.38479701,3577.44769,0.089840653,Contract,7.9,0,1,22.63,1.0,2,Tier-3,9898.14,0
APP101027,50632.27924,53.62329948,1262.356066,0.024931844,Self-Employed,26.4,0,1,46.42,1.0,1,Tier-2,8732.8,0
APP101028,39970.21125,40.36811516,7867.616836,0.196837009,Self-Employed,8.5,0,2,31.71,3.09,0,Tier-1,8294.1,0
APP101029,55176.1396,49.4559101,7822.936091,0.141781142,Self-Employed,7.6,0,1,25.67,1.98,1,Tier-2,9602.33,0
APP101030,50533.57195,56.63106428,117.7125869,0.002329394,Salaried,21.2,1,0,29.81,1.0,1,Tier-2,12510.38,0
APP101031,52983.87446,42.58806976,5567.941087,0.105087466,Salaried,7.9,0,0,47.61,1.05,3,Tier-1,11069.01,0
APP101032,31187.66993,30.99961612,593.1247798,0.019017925,Self-Employed,6.5,2,0,46.66,1.0,1,Tier-2,4349.66,0
APP101033,34909.98223,25.56874133,2852.371795,0.081706481,Self-Employed,3.8,0,1,28.94,1.0,2,Tier-1,3643.98,0
APP101034,53810.84766,51.43297298,9154.477015,0.170123263,Salaried,14.0,4,1,69.4,2.51,1,Tier-2,9518.9,0
APP101035,55478.96737,53.76292004,6227.541774,0.112250499,Salaried,23.3,1,1,15.25,1.22,1,Tier-3,8640.91,0
APP101036,60394.09487,57.68642247,8293.576747,0.137324299,Salaried,12.3,3,1,85.27,1.56,0,Tier-1,9949.97,0
APP101037,36845.73868,51.93947954,1790.013566,0.048581291,Contract,14.2,0,1,31.14,1.0,1,Tier-1,3643.77,0
APP101038,60264.94065,54.72136343,2241.388144,0.03719224,Salaried,17.4,2,1,73.11,1.0,3,Tier-1,7147.88,0
APP101039,52981.5086,18.30621644,3759.937234,0.070966972,Self-Employed,0.2,0,0,41.91,1.0,0,Tier-3,7860.45,0
APP101040,50222.76242,21.42271292,8734.740617,0.173919956,Salaried,2.1,1,0,9.08,2.72,2,Tier-2,10699.22,1
APP101041,59256.55596,38.57894462,9812.978717,0.16560157,Self-Employed,8.0,2,0,56.08,2.25,0,Tier-1,11582.82,0
APP101042,43203.41422,40.90172418,7730.727575,0.178937885,Salaried,12.3,3,0,31.26,2.51,0,Tier-1,2043.13,0
APP101043,46288.75641,23.59003818,6053.791581,0.130783198,Salaried,1.3,1,1,84.52,1.84,0,Tier-1,3540.05,1
APP101044,58176.15493,52.17576009,9852.14111,0.169350159,Self-Employed,24.3,1,0,68.1,1.44,2,Tier-2,1520.22,0
APP101045,25631.43473,47.63557696,4778.700543,0.186439058,Self-Employed,11.3,1,0,47.02,1.79,0,Tier-2,559.56,0
APP101046,58977.99765,30.33098269,9442.01161,0.160093797,Salaried,7.2,2,1,10.11,1.91,2,Tier-3,4223.2,1
APP101047,25048.01599,54.65677518,2341.367858,0.093475182,Self-Employed,5.9,2,0,40.15,1.02,2,Tier-1,5105.88,0
APP101048,33436.48901,34.66914689,5473.985551,0.163712929,Contract,4.6,1,1,17.59,1.85,1,Tier-2,7626.59,1
APP101049,23787.36705,36.3117126,3041.552908,0.127864211,Self-Employed,8.1,0,0,45.66,1.82,1,Tier-2,2619.15,0
APP101050,69456.56777,48.05355678,13190.36589,0.189908115,Self-Employed,20.3,2,1,72.98,1.54,1,Tier-3,10386.23,0
APP101051,65447.61161,39.63135194,3269.534327,0.049956511,Salaried,10.1,1,1,17.01,1.0,4,Tier-1,11937.13,0
APP101052,68743.35318,56.38525158,2290.204289,0.033315283,Self-Employed,27.2,1,0,30.64,1.0,1,Tier-2,16441.72,0
APP101053,36052.5776,49.49996087,2830.179862,0.078501457,Contract,13.9,2,0,26.7,1.0,0,Tier-1,8291.17,0
APP101054,24820.79247,38.24401685,51.94924278,0.002092973,Contract,9.0,2,2,52.15,1.0,1,Tier-2,822.91,0
APP101055,26046.38417,54.62546358,4669.457353,0.179274686,Self-Employed,8.1,1,0,43.95,2.64,2,Tier-3,2007.61,0
APP101056,60850.80244,59.99025632,7206.852593,0.1184348,Self-Employed,26.5,1,3,43.97,1.08,2,Tier-3,1904.83,0
APP101057,69929.011,51.39444845,12427.8357,0.177720742,Salaried,10.0,1,1,49.18,2.21,3,Tier-2,11314.85,0
APP101058,53298.49615,56.90970733,2106.709791,0.039526627,Salaried,26.8,1,0,40.35,1.0,3,Tier-1,9775.66,0
APP101059,48818.38232,49.29612194,2312.421777,0.047367849,Contract,21.8,2,0,49.29,1.0,0,Tier-3,4437.84,0
APP101060,38042.08416,32.83899402,3495.856306,0.091894448,Salaried,10.6,1,1,52.81,1.11,1,Tier-1,8231.77,0
APP101061,42119.82271,60.06420183,1930.566532,0.045835106,Salaried,19.4,1,0,42.38,1.0,2,Tier-1,5229.05,0
APP101062,62247.87974,39.22965562,1870.715089,0.030052672,Self-Employed,11.8,1,0,37.55,1.0,3,Tier-2,15538.8,0
APP101063,62252.08816,28.24617586,1699.680972,0.027303196,Salaried,6.3,1,0,25.02,1.0,1,Tier-1,1250.76,0
APP101064,36973.08569,38.28030326,4144.448144,0.11209365,Self-Employed,4.6,0,1,25.29,1.46,1,Tier-3,1670.54,0
APP101065,54217.23678,26.62937737,8836.775689,0.162988308,Self-Employed,4.4,1,0,51.39,2.08,3,Tier-2,4847.7,1
APP101066,44218.76632,58.57925853,1693.920179,0.038307721,Salaried,6.9,1,1,49.81,1.0,1,Tier-2,1143.8,0
APP101067,33274.05027,23.95343526,2244.883109,0.067466482,Contract,2.7,1,3,65.61,1.0,1,Tier-2,6652.75,0
APP101068,54656.54904,18.39382955,9911.134963,0.181334811,Salaried,0.1,2,0,17.36,1.68,3,Tier-2,1756.53,1
APP101069,67593.51708,25.40544564,9864.078027,0.145932309,Salaried,1.9,3,1,8.3,1.33,2,Tier-2,12995.89,1
APP101070,39472.70725,42.60886077,596.4811795,0.015111231,Self-Employed,9.1,3,0,14.34,1.0,0,Tier-1,1266.71,0
APP101071,30572.44686,48.65184248,1847.09425,0.060416958,Self-Employed,12.6,1,0,29.36,1.0,1,Tier-3,2388.54,0
APP101072,50447.69963,58.09854003,2443.768915,0.048441632,Salaried,21.0,2,0,0.48,1.0,1,Tier-1,10770.26,0
APP101073,49198.65266,49.1924227,483.6201677,0.009829947,Salaried,6.1,1,1,71.9,1.0,3,Tier-1,11746.27,0
APP101074,53768.22821,25.37750388,3696.953244,0.068757208,Self-Employed,3.3,1,1,14.15,1.0,4,Tier-2,6201.68,0
APP101075,52809.54629,61.01331918,6276.830737,0.11885788,Contract,11.2,1,0,39.21,1.78,2,Tier-1,12837.26,0
APP101076,38011.72665,19.05789168,4625.193378,0.121678066,Contract,0.5,2,1,27.93,1.49,1,Tier-3,6240.86,1
APP101077,58910.29177,31.01396195,3671.923094,0.062330757,Salaried,6.9,0,1,0.8,1.0,0,Tier-2,6812.51,0
APP101078,57914.73107,50.61159971,6715.857908,0.115961134,Salaried,15.8,1,0,12.28,1.36,2,Tier-3,11851.92,0
APP101079,39494.76692,28.5471422,3544.156039,0.089737358,Contract,6.3,1,0,29.94,1.31,1,Tier-1,3472.6,0
APP101080,45918.87525,38.64211962,1910.329531,0.041602272,Self-Employed,7.3,1,1,31.48,1.0,2,Tier-3,3725.54,0
APP101081,55649.05588,19.66450149,7660.346171,0.137654558,Salaried,1.0,0,0,36.91,1.2,2,Tier-1,9516.32,1
APP101082,27136.6288,18.83362032,2253.190253,0.083031325,Salaried,0.3,0,0,78.21,1.0,1,Tier-1,2979.93,0
APP101083,62724.63612,39.83537661,9255.137755,0.147551876,Self-Employed,9.6,1,2,19.09,1.64,4,Tier-1,3215.34,0
APP101084,32921.84858,43.73305267,2553.212778,0.077553749,Contract,13.9,2,0,33.29,1.0,0,Tier-2,1165.49,0
APP101085,28482.64955,19.78378813,329.4500422,0.011566692,Self-Employed,0.3,1,3,54.99,1.0,2,Tier-1,5730.82,0
APP101086,44170.22174,24.47037064,2168.751735,0.049099861,Salaried,3.5,1,1,43.04,1.0,1,Tier-2,7750.08,0
APP101087,60664.3716,22.36445737,5873.410979,0.096818129,Salaried,2.3,1,2,40.43,1.3,2,Tier-1,6959.03,0
APP101088,64501.93043,33.3579469,12147.31422,0.188324817,Self-Employed,5.2,1,0,41.16,2.09,2,Tier-1,14585.97,1
APP101089,28237.51739,50.01555209,2728.189944,0.096615786,Contract,6.5,1,1,73.56,1.26,0,Tier-2,3233.11,0
APP101090,67420.59545,21.18529406,3668.994784,0.054419495,Self-Employed,0.7,1,1,48.52,1.0,0,Tier-1,12362.78,0
APP101091,55642.99339,38.91090684,2841.697982,0.051070185,Salaried,14.7,2,0,51.23,1.0,0,Tier-2,12747.62,0
APP101092,56086.05809,34.57920217,3990.85076,0.071155843,Salaried,9.3,2,0,8.44,1.0,0,Tier-2,11966.78,0
APP101093,57676.73918,20.66561699,10504.66817,0.182130063,Salaried,0.6,2,0,19.88,2.22,2,Tier-3,7933.67,1
APP101094,62535.63285,39.19407554,9490.26419,0.151757706,Salaried,7.7,0,0,63.67,1.24,0,Tier-1,11040.44,0
APP101095,60686.76857,48.39930849,10614.13095,0.174900249,Salaried,15.4,2,0,39.53,2.0,1,Tier-3,6987.66,0
APP101096,25032.30094,46.31058897,680.9047822,0.027201047,Salaried,18.4,1,2,44.75,1.0,0,Tier-2,4226.84,0
APP101097,22228.34529,33.35945709,2187.213337,0.098397488,Contract,2.7,0,1,21.68,1.0,2,Tier-3,1761.31,0
APP101098,41435.15375,34.92571649,3702.171428,0.089348563,Salaried,4.9,5,1,11.66,1.0,2,Tier-1,4971.83,0
APP101099,43955.4094,51.55828607,7833.477761,0.178214192,Salaried,22.9,2,0,82.4,1.74,1,Tier-2,2997.56,0
APP101100,60063.69309,59.11464434,6766.294181,0.112651984,Salaried,6.4,2,0,33.28,1.0,2,Tier-3,1728.79,0
APP101101,34635.74475,18.9473467,4859.235287,0.140295389,Self-Employed,0.3,2,0,71.81,1.51,3,Tier-1,5381.15,1
APP101102,63944.32373,32.5243454,12213.94934,0.191009125,Self-Employed,10.5,2,0,72.89,3.02,0,Tier-2,13992.22,1
APP101103,35403.42733,34.64541582,2929.359704,0.082742263,Contract,8.6,2,1,44.86,1.0,2,Tier-3,916.35,0
APP101104,53654.07937,44.13723421,6587.775556,0.12278238,Self-Employed,8.0,2,4,15.87,1.43,1,Tier-2,3492.17,0
APP101105,23508.23073,52.64034902,4622.841065,0.196647766,Contract,6.6,2,1,32.59,2.6,0,Tier-1,2958.34,0
APP101106,61869.46603,36.22730418,1040.493673,0.016817563,Salaried,3.0,0,3,64.9,1.0,1,Tier-2,10713.09,0
APP101107,20674.89708,23.99988287,299.8251378,0.014501893,Contract,1.8,4,1,33.36,1.0,0,Tier-1,1227.73,0
APP101108,22127.92411,61.18878265,1777.828551,0.080343214,Salaried,29.3,1,0,67.73,1.19,3,Tier-3,731.1,0
APP101109,27408.72961,37.69173185,2591.028947,0.094532982,Salaried,7.9,0,1,32.63,1.36,0,Tier-1,3820.26,0
APP101110,60720.7961,38.82036029,3278.179727,0.053987759,Self-Employed,12.1,2,1,40.78,1.0,0,Tier-1,12648.34,0
APP101111,34760.01932,34.26030186,28.88253444,0.000830912,Salaried,11.4,1,1,36.36,1.0,1,Tier-1,976.9,0
APP101112,23057.36392,46.97181129,2487.165182,0.107868583,Self-Employed,11.4,0,3,25.71,1.4,2,Tier-2,2313.92,0
APP101113,42380.99506,35.71681219,6832.684817,0.161220491,Salaried,4.7,1,1,47.16,2.43,2,Tier-3,7315.32,0
APP101114,37887.54939,24.4157261,5061.777831,0.133600033,Salaried,3.0,0,0,53.05,1.74,0,Tier-1,1897.05,1
APP101115,39988.74074,54.26870557,357.0881242,0.008929717,Contract,25.2,1,0,38.99,1.0,3,Tier-1,2969.87,0
APP101116,25026.50564,62.90692234,3845.741849,0.153666753,Self-Employed,28.4,0,1,20.09,1.35,4,Tier-1,3582.88,0
APP101117,43588.08143,40.49564678,6453.057979,0.148046387,Salaried,4.3,2,2,29.82,1.7,1,Tier-3,10428.16,0
APP101118,20897.42669,28.0293199,2940.42397,0.140707467,Salaried,5.7,2,1,64.82,2.23,2,Tier-2,1799.03,1
APP101119,24904.62467,53.3197898,3376.907465,0.13559359,Contract,17.4,0,1,71.82,1.5,1,Tier-1,3290.68,0
APP101120,66068.63504,35.91878387,5626.86934,0.085167029,Self-Employed,12.4,3,1,21.96,1.19,0,Tier-2,7398.64,0
APP101121,36126.23109,40.70791186,3805.802721,0.10534735,Salaried,5.1,1,0,81.18,1.0,1,Tier-1,8179.02,0
APP101122,23626.72679,34.29335345,2173.76769,0.092004606,Contract,7.7,0,0,59.81,1.25,0,Tier-1,863.19,0
APP101123,30200.24326,62.78257014,4871.677576,0.161312528,Self-Employed,30.3,1,0,45.37,2.5,4,Tier-1,4536.5,0
APP101124,65569.78524,62.23215892,12494.26726,0.190549156,Salaried,17.5,3,0,11.8,2.11,0,Tier-3,14071.77,0
APP101125,20617.26101,46.51750698,2224.068134,0.107874083,Self-Employed,12.5,1,0,19.46,1.0,2,Tier-3,5097.97,0
APP101126,25817.45462,21.63047036,3682.861931,0.142650079,Self-Employed,0.7,1,0,35.47,1.17,0,Tier-2,4665.39,1
APP101127,21448.82799,31.79518831,1989.182976,0.09274087,Contract,4.4,0,1,66.38,1.4,2,Tier-2,2303.29,0
APP101128,69370.17764,52.3746293,4605.918773,0.066396237,Salaried,11.8,2,2,18.64,1.0,0,Tier-2,7958.12,0
APP101129,34145.79955,31.40079893,4074.952591,0.119339791,Salaried,9.6,1,1,75.69,1.06,2,Tier-1,3444.86,0
APP101130,52651.25686,57.32024618,6529.019522,0.124005008,Contract,12.6,1,1,32.78,1.05,0,Tier-2,8362.65,0
APP101131,40069.33838,43.31346189,3646.051618,0.090993557,Contract,10.8,1,2,17.69,1.31,3,Tier-2,7615.71,0
APP101132,39246.54489,48.32205561,919.11464,0.023418995,Contract,16.8,3,1,51.88,1.0,3,Tier-3,8182.02,0
APP101133,56233.78954,57.99108565,9642.092538,0.171464392,Salaried,9.9,2,0,63.6,1.54,2,Tier-1,6512.8,0
APP101134,49264.26833,19.00652627,801.779606,0.016275074,Salaried,0.4,2,0,28.94,1.0,0,Tier-2,9106.15,0
APP101135,30451.63616,42.19713668,475.4205917,0.015612317,Contract,14.4,4,2,35.53,1.0,0,Tier-2,7026.14,0
APP101136,28726.9963,34.75143776,3675.833415,0.127957458,Self-Employed,11.2,0,0,23.34,1.56,3,Tier-1,6658.62,1
APP101137,20113.25349,30.13257556,2507.64971,0.124676483,Contract,6.4,1,1,53.97,1.95,0,Tier-2,3659.14,1
APP101138,43434.77543,52.20588011,3672.109828,0.084543083,Self-Employed,18.9,1,0,36.17,1.0,0,Tier-3,7231.35,0
APP101139,59208.71608,30.93115193,11479.43781,0.193880877,Salaried,2.9,3,1,0.81,2.6,1,Tier-3,8422.5,1
APP101140,69310.95727,42.11060918,1590.325804,0.022944796,Self-Employed,17.3,0,0,23.68,1.0,0,Tier-2,4306.67,0
APP101141,60567.42444,40.04122249,571.9329349,0.009442913,Salaried,5.1,0,0,31.08,1.0,0,Tier-1,2933.57,0
APP101142,22048.89504,53.7982525,4199.024356,0.190441487,Self-Employed,22.0,1,1,17.7,2.13,1,Tier-3,2904.14,0
APP101143,66733.71025,52.97784361,5366.640793,0.080418738,Salaried,10.8,2,0,9.95,1.0,1,Tier-2,3781.94,0
APP101144,22209.00951,22.00626001,4096.783714,0.184464945,Contract,2.8,1,0,43.55,1.96,0,Tier-1,3391.54,1
APP101145,49032.66241,54.5560719,1777.953131,0.036260587,Salaried,21.3,1,0,56.66,1.0,1,Tier-1,8262.57,0
APP101146,26558.36106,57.83336484,22.32793318,0.000840712,Self-Employed,24.0,0,0,59.01,1.0,1,Tier-1,3741.85,0
APP101147,49255.45797,36.61814758,4951.915771,0.100535372,Self-Employed,5.2,0,0,46.48,1.09,2,Tier-1,1397.78,0
APP101148,30218.15123,48.02147268,5914.516662,0.195727284,Self-Employed,12.5,1,1,12.51,2.42,0,Tier-2,1005.58,0
APP101149,56317.08282,24.6534823,8045.440953,0.142859689,Self-Employed,3.5,1,2,25.2,1.3,2,Tier-1,2594.44,1
APP101150,53825.43058,45.35669022,431.4501612,0.008015731,Self-Employed,16.7,1,0,58.73,1.0,1,Tier-1,2978.62,0
APP101151,34927.99361,54.15294718,1957.057929,0.056031215,Contract,7.7,0,1,13.65,1.0,1,Tier-1,8650.72,0
APP101152,53287.38502,59.55992485,4432.665444,0.083184143,Self-Employed,30.2,1,0,9.27,1.07,0,Tier-2,5287.91,0
APP101153,32032.55674,50.11743705,4582.938274,0.143071261,Salaried,22.0,2,0,76.13,1.96,0,Tier-1,2791.76,0
APP101154,48405.72681,47.93288261,3766.614435,0.077813405,Salaried,9.3,0,1,15.97,1.14,3,Tier-1,1550.02,0
APP101155,46132.91405,26.90939873,3216.491255,0.069722265,Self-Employed,5.7,0,2,71.91,1.07,1,Tier-1,7663.77,0
APP101156,29049.07149,57.78255455,2562.695554,0.088219534,Contract,18.3,0,0,47.99,1.0,2,Tier-2,4938.45,0
APP101157,68550.68786,19.36118878,3879.672652,0.056595678,Self-Employed,0.6,0,0,39.8,1.0,4,Tier-1,4137.25,0
APP101158,47474.8196,37.87464495,5083.728272,0.107082624,Contract,6.7,1,0,52.2,1.0,1,Tier-2,10986.89,0
APP101159,50021.65541,23.81667911,1054.268085,0.021076233,Salaried,2.9,1,0,55.96,1.0,1,Tier-1,10210.1,0
APP101160,64089.13191,37.31044758,6272.78845,0.097876009,Self-Employed,11.4,1,0,61.39,1.0,0,Tier-1,4676.8,0
APP101161,28451.70557,41.60107543,1042.850376,0.036653352,Contract,9.4,0,0,31.88,1.0,3,Tier-1,3748.38,0
APP101162,58132.47127,29.38094985,5491.035602,0.094457288,Salaried,6.0,0,0,24.52,1.0,2,Tier-1,7291.55,0
APP101163,30961.16614,32.11428662,162.7955961,0.005258058,Self-Employed,8.0,1,0,25.21,1.0,2,Tier-1,3101.06,0
APP101164,64162.64961,53.85556307,6938.01252,0.10813164,Salaried,20.7,2,3,11.41,1.43,1,Tier-1,13349.42,0
APP101165,67470.11702,52.23263736,12715.29472,0.188458169,Self-Employed,6.2,2,0,39.09,2.05,3,Tier-1,3044.98,0
APP101166,68263.76624,42.64295351,4124.330404,0.060417563,Self-Employed,16.4,0,0,30.29,1.0,2,Tier-2,7885.99,0
APP101167,42889.33416,57.50669619,6340.708855,0.147838827,Salaried,16.8,1,0,59.67,1.67,0,Tier-1,5080.12,0
APP101168,20155.79236,41.92236196,3489.957148,0.173149092,Contract,7.4,1,0,61.57,1.62,2,Tier-3,2576.05,0
APP101169,58178.61457,49.69279455,10948.49949,0.188187697,Salaried,9.4,2,2,47.51,1.62,1,Tier-3,12689.37,0
APP101170,45735.45569,52.82103724,2944.537354,0.06438194,Self-Employed,15.3,2,0,51.78,1.0,0,Tier-2,3209.64,0
APP101171,30037.20313,38.68492023,1247.012791,0.041515609,Self-Employed,14.1,2,0,26.75,1.0,2,Tier-1,1311.79,0
APP101172,64392.51221,37.80218224,4513.243712,0.070089573,Salaried,7.5,2,0,44.01,1.0,0,Tier-3,10437.77,0
APP101173,26291.3758,52.40154262,1094.177529,0.041617355,Contract,20.6,0,0,37.57,1.0,1,Tier-1,1577.01,0
APP101174,36008.381,20.62621639,3709.304431,0.103012252,Contract,0.5,1,0,50.27,1.1,1,Tier-1,1340.75,0
APP101175,54953.97966,44.69223602,365.6461852,0.00665368,Salaried,11.6,3,0,38.5,1.0,1,Tier-1,6491.68,0
APP101176,28753.32549,49.40348027,4990.369091,0.17355798,Salaried,23.4,1,0,8.32,2.52,1,Tier-3,2027.65,0
APP101177,41993.98432,36.19281642,6644.344214,0.158221334,Contract,11.1,1,0,53.09,1.55,4,Tier-1,4328.73,0
APP101178,56696.4586,57.52025339,9686.630307,0.170850712,Self-Employed,10.9,2,0,76.2,1.53,1,Tier-3,4520.61,0
APP101179,51906.04616,36.5730408,10235.27261,0.197188447,Self-Employed,8.4,4,0,19.19,2.37,0,Tier-1,2144.05,0
APP101180,30939.39338,47.8934448,6115.822333,0.197671049,Contract,8.7,2,1,32.26,2.6,2,Tier-3,4606.25,0
APP101181,38520.72397,56.67372097,4176.949955,0.108433838,Salaried,15.3,0,4,33.9,1.39,0,Tier-3,1009.79,0
APP101182,33489.03986,25.97104402,3581.655047,0.106950067,Contract,4.9,1,1,42.61,1.47,0,Tier-3,8113.27,0
APP101183,52836.00643,38.25136318,5671.644328,0.107344304,Salaried,12.4,2,0,37.99,1.0,0,Tier-2,5204.66,0
APP101184,51733.28751,24.91495145,7906.141179,0.152825029,Self-Employed,2.0,1,5,28.01,1.75,0,Tier-3,9306.11,1
APP101185,41273.7715,32.09039538,3299.885072,0.07995114,Self-Employed,9.9,1,1,26.93,1.0,1,Tier-3,8518.22,0
APP101186,68223.68431,28.99041509,7364.001945,0.107939083,Salaried,5.6,1,3,59.83,1.52,1,Tier-1,5744.03,0
APP101187,28222.87891,40.33136779,613.2406201,0.021728493,Contract,8.4,1,0,73.31,1.0,0,Tier-1,5424.72,0
APP101188,21921.36108,62.3272301,1901.143922,0.086725633,Salaried,20.0,0,0,70.55,1.0,2,Tier-2,4635.42,0
APP101189,38852.93302,27.05029416,7513.182864,0.193374921,Contract,4.6,0,2,60.97,1.69,0,Tier-1,2933.51,1
APP101190,59621.36764,54.15061886,7014.622708,0.117652831,Salaried,17.6,4,0,34.9,1.18,3,Tier-2,14802.42,0
APP101191,41377.7456,45.86166157,5324.048185,0.128669363,Contract,12.3,2,3,33.14,1.14,2,Tier-1,1024.45,0
APP101192,54405.62497,57.1412841,6253.206677,0.114936768,Salaried,17.7,5,0,34.79,1.22,0,Tier-2,3803.5,0
APP101193,60103.01157,56.05377209,2632.265613,0.043795902,Salaried,9.7,1,0,6.64,1.0,4,Tier-1,11984.83,0
APP101194,67528.65421,52.88850155,7877.415131,0.116652926,Salaried,22.2,3,0,67.59,1.84,1,Tier-1,4365.74,0
APP101195,61156.93738,31.80242595,3250.006084,0.053142067,Self-Employed,6.6,0,1,49.03,1.0,1,Tier-1,11044.93,0
APP101196,42955.6946,45.41622917,2962.825186,0.068973979,Contract,6.3,0,1,26.1,1.0,0,Tier-3,9311.59,0
APP101197,46923.04677,36.3395338,3107.883782,0.066233631,Contract,11.2,2,1,10.78,1.0,2,Tier-1,11290.59,0
APP101198,24951.25749,62.04114048,2544.356003,0.101973057,Contract,31.2,2,0,55.86,1.0,1,Tier-3,3220.63,0
APP101199,26267.52942,34.49638622,59.46916335,0.00226398,Contract,11.9,0,1,15.92,1.0,0,Tier-3,6392.34,0
APP101200,64603.92088,33.06183178,11264.69116,0.174365441,Self-Employed,5.6,3,0,28.26,2.46,0,Tier-2,7408.33,1
APP101201,34667.0204,18.85318928,2827.289402,0.081555593,Salaried,0.2,0,0,39.36,1.0,2,Tier-1,2432.57,0
APP101202,66008.39707,19.42742577,9189.611514,0.139218826,Salaried,0.7,1,0,31.06,2.22,0,Tier-1,9122.49,1
APP101203,45840.20762,32.27027963,5299.239719,0.115602437,Contract,3.1,0,1,39.45,1.41,0,Tier-2,7768.05,0
APP101204,32188.01624,49.42886416,4659.953325,0.144772927,Salaried,22.3,2,0,44.6,1.79,1,Tier-1,4034.17,0
APP101205,50289.66475,24.0740542,6127.381688,0.121841768,Contract,1.6,0,0,35.82,1.32,2,Tier-2,7563.75,1
APP101206,36837.53085,54.72850399,1598.183569,0.043384655,Contract,11.1,3,1,44.94,1.0,0,Tier-3,4264.83,0
APP101207,28852.03381,44.21152393,5705.986163,0.197767208,Contract,10.3,2,0,61.36,2.33,0,Tier-1,4059.34,0
APP101208,68127.16681,47.9523112,12099.9703,0.177608594,Salaried,11.4,1,1,34.72,1.89,3,Tier-2,16289.0,0
APP101209,41349.12251,53.85620698,8083.232201,0.195487394,Self-Employed,22.5,3,1,47.67,1.98,0,Tier-3,5580.53,0
APP101210,69132.46258,33.47118164,7621.410219,0.110243581,Salaried,6.6,0,1,20.19,1.7,2,Tier-3,5408.32,0
APP101211,38477.3256,27.34633178,289.576582,0.007525902,Self-Employed,2.4,0,1,19.07,1.0,4,Tier-3,7484.29,0
APP101212,68291.15365,46.79353807,9577.955143,0.14025177,Salaried,8.9,1,1,8.63,1.61,3,Tier-3,6668.25,0
APP101213,58074.60654,59.79866948,8551.259893,0.14724611,Self-Employed,19.0,5,2,4.37,1.59,0,Tier-1,12063.7,0
APP101214,26867.10826,32.62229962,1730.151907,0.064396655,Contract,3.5,1,0,16.63,1.0,1,Tier-3,888.59,0
APP101215,32348.45015,59.75238657,3229.820063,0.099844662,Self-Employed,21.6,1,0,40.03,1.0,0,Tier-3,3118.42,0
APP101216,31044.39176,49.93586833,4465.872769,0.143854414,Contract,15.6,1,2,30.97,1.37,4,Tier-2,1294.64,0
APP101217,29279.74979,18.8130986,2291.988119,0.078278952,Self-Employed,0.5,2,1,37.36,1.06,4,Tier-1,1160.15,0
APP101218,35145.10019,47.79338272,510.7399689,0.014532324,Contract,21.2,1,2,84.1,1.0,0,Tier-1,6024.91,0
APP101219,44405.28066,34.38252406,3917.876098,0.088229959,Self-Employed,11.4,2,2,76.29,1.26,2,Tier-1,4823.61,0
APP101220,42059.6369,55.29068575,5310.271529,0.126255763,Self-Employed,26.8,1,1,54.33,1.73,3,Tier-1,9271.63,0
APP101221,28612.20306,58.86168988,4948.48807,0.172950264,Self-Employed,12.1,0,1,38.17,1.65,0,Tier-2,3970.61,0
APP101222,46546.70455,60.7597447,254.8435786,0.005475008,Salaried,9.8,5,0,30.77,1.0,0,Tier-2,4092.8,0
APP101223,22832.32393,32.5164225,3318.407787,0.145338153,Contract,4.8,2,0,66.52,2.03,0,Tier-2,4242.35,1
APP101224,21565.92154,44.1265854,4136.761126,0.191819353,Contract,18.0,2,0,68.82,2.51,1,Tier-1,3526.54,0
APP101225,26078.21358,31.80688066,3665.880899,0.140572547,Contract,10.1,1,1,43.39,1.8,3,Tier-3,5317.52,1
APP101226,60503.54785,20.1184142,6766.53302,0.111836963,Salaried,1.4,1,0,19.93,1.56,3,Tier-1,10166.13,0
APP101227,31233.30776,41.70405183,1662.453616,0.053226947,Salaried,5.1,2,1,42.67,1.0,0,Tier-1,1824.43,0
APP101228,34505.80093,49.32442037,2151.696592,0.062357532,Contract,22.5,0,2,28.53,1.0,0,Tier-2,6009.92,0
APP101229,35485.11827,47.38887031,2482.04225,0.069946005,Self-Employed,11.9,0,0,13.71,1.0,1,Tier-1,3905.36,0
APP101230,45986.3534,20.2872954,7112.926157,0.154674716,Self-Employed,0.4,1,0,61.26,1.95,2,Tier-1,5818.33,1
APP101231,43308.17898,34.83136125,6777.198246,0.156487721,Self-Employed,7.0,0,1,41.09,1.56,2,Tier-1,10045.76,1
APP101232,53284.11968,32.14321496,849.5451843,0.015943684,Salaried,2.5,1,0,12.38,1.0,1,Tier-3,5477.17,0
APP101233,68398.28748,36.99394877,8106.859293,0.118524302,Salaried,9.0,0,0,46.59,1.4,2,Tier-2,10995.07,0
APP101234,64743.70707,56.25701235,4304.929109,0.066491854,Salaried,13.5,0,0,6.61,1.0,0,Tier-1,6707.5,0
APP101235,68412.60985,28.15512845,551.8430811,0.008066394,Salaried,4.4,0,3,16.31,1.0,1,Tier-1,2858.78,0
APP101236,59695.10715,27.90329809,8889.928408,0.148922229,Self-Employed,5.1,3,0,55.51,2.26,4,Tier-2,7420.75,1
APP101237,32406.57073,20.98656135,3394.65824,0.104752159,Self-Employed,2.0,0,0,37.56,1.45,0,Tier-3,5098.34,0
APP101238,33184.19598,60.37477159,4580.097831,0.138020455,Contract,23.2,2,1,47.9,1.27,1,Tier-2,3773.9,0
APP101239,47688.25057,34.56708902,1377.018407,0.028875423,Self-Employed,6.8,1,0,47.74,1.0,0,Tier-3,5238.71,0
APP101240,42591.59524,45.11655999,4602.245841,0.108055259,Salaried,17.4,1,2,73.34,1.4,1,Tier-2,8888.31,0
APP101241,34051.52804,35.74565239,6224.152886,0.182786302,Contract,12.3,0,2,53.14,2.35,1,Tier-2,913.52,0
APP101242,61800.03438,29.66579595,9143.611709,0.1479548,Self-Employed,2.6,1,1,2.88,2.27,1,Tier-3,5437.45,1
APP101243,45360.71627,27.07574763,4569.994987,0.100747858,Self-Employed,4.3,1,1,62.39,1.01,3,Tier-3,9376.25,0
APP101244,20252.12346,27.4416098,3360.059414,0.165911462,Self-Employed,3.0,1,1,48.82,1.65,1,Tier-3,4692.86,1
APP101245,30134.7096,43.81722832,958.9980819,0.031823704,Self-Employed,4.6,3,0,59.46,1.0,1,Tier-2,3460.34,0
APP101246,56217.3265,51.58228056,2866.5859,0.050991146,Salaried,18.5,1,0,10.26,1.0,0,Tier-3,12616.44,0
APP101247,31722.73095,34.85181726,2877.756104,0.0907159,Salaried,11.3,0,1,28.59,1.05,2,Tier-2,2085.89,0
APP101248,60178.44619,33.26140894,3203.615438,0.053235263,Self-Employed,3.8,1,0,50.32,1.0,0,Tier-3,4268.35,0
APP101249,51144.24305,37.83799986,3411.656424,0.066706558,Self-Employed,12.6,1,0,29.38,1.0,2,Tier-1,10976.78,0
APP101250,22449.07739,35.7657793,1187.42695,0.052894243,Contract,11.8,1,0,88.48,1.0,0,Tier-2,5112.76,0
APP101251,44932.87511,27.14705773,622.9128105,0.013863186,Salaried,6.4,1,0,57.88,1.0,0,Tier-3,3201.26,0
APP101252,40929.48394,20.25460597,2352.287116,0.057471702,Self-Employed,0.7,0,1,18.78,1.0,0,Tier-1,1377.05,0
APP101253,31092.26772,43.83220649,5617.993126,0.18068779,Contract,17.9,1,0,30.23,2.45,4,Tier-2,1267.77,0
APP101254,44743.55163,53.05626193,2574.707756,0.057543661,Salaried,12.0,3,2,37.67,1.0,1,Tier-3,3584.75,0
APP101255,60770.22902,33.62672671,2242.82576,0.036906653,Salaried,7.5,0,0,32.97,1.0,0,Tier-1,11858.29,0
APP101256,43528.48431,59.89202707,2264.725152,0.052028578,Self-Employed,7.6,0,1,27.75,1.0,0,Tier-1,5976.38,0
APP101257,25008.94953,63.21714847,2941.028155,0.117599028,Self-Employed,8.0,0,1,64.09,1.0,1,Tier-2,3120.75,0
APP101258,47433.41542,60.45516523,9139.14371,0.192673111,Salaried,24.7,1,0,60.02,2.77,0,Tier-2,7321.45,0
APP101259,50064.34637,29.3425137,417.6331058,0.008341927,Contract,4.7,0,0,53.41,1.0,1,Tier-1,11252.03,0
APP101260,60348.41356,60.44679037,3037.968147,0.050340481,Salaried,12.9,2,2,38.17,1.0,0,Tier-1,2462.15,0
APP101261,67471.1271,26.92335366,4448.412323,0.065930606,Self-Employed,2.4,1,1,27.02,1.0,1,Tier-1,12130.4,0
APP101262,30492.87567,61.6792429,4834.738644,0.158553057,Self-Employed,24.1,1,0,13.1,1.9,0,Tier-1,7109.78,0
APP101263,25640.07888,22.6564796,3105.443021,0.12111675,Contract,0.7,1,1,18.1,1.65,1,Tier-1,1770.97,1
APP101264,55040.75817,52.71448411,8352.061533,0.151743214,Salaried,22.0,3,3,37.31,2.15,2,Tier-2,11706.49,0
APP101265,34476.70638,23.35098726,898.1339068,0.026050456,Self-Employed,1.1,0,0,68.43,1.0,0,Tier-2,6224.62,0
APP101266,23345.86645,38.29017484,4548.110289,0.194814371,Contract,5.4,2,0,63.72,2.59,1,Tier-2,544.61,0
APP101267,24426.02987,34.69642326,823.835162,0.033727755,Self-Employed,6.4,0,0,40.84,1.0,1,Tier-1,1789.71,0
APP101268,65849.88967,30.96884689,5051.302388,0.076709352,Salaried,5.7,0,0,19.27,1.0,0,Tier-2,10492.8,0
APP101269,60454.52565,41.05160496,7875.070926,0.130264374,Salaried,8.4,1,0,72.15,1.14,2,Tier-1,8194.74,0
APP101270,22680.31843,55.09158789,1743.774685,0.07688493,Contract,12.7,1,0,43.13,1.17,2,Tier-3,3207.57,0
APP101271,44471.87373,19.61305844,5883.660558,0.132300712,Salaried,1.2,3,1,22.56,1.78,2,Tier-2,3261.75,1
APP101272,46572.32,59.12164964,721.3416051,0.015488634,Self-Employed,22.0,0,3,54.12,1.0,0,Tier-3,8161.84,0
APP101273,24369.84125,61.73937931,1366.536025,0.056074884,Salaried,7.2,1,0,30.62,1.0,0,Tier-1,1980.69,0
APP101274,56830.27286,37.16311407,10462.74045,0.184105054,Salaried,7.8,2,0,39.26,2.68,0,Tier-2,6226.9,0
APP101275,46942.99652,55.64154017,2187.065484,0.046589814,Contract,25.4,1,0,10.1,1.0,1,Tier-2,4922.0,0
APP101276,42521.79071,54.74892029,6745.817708,0.158643782,Contract,12.2,2,0,28.58,2.35,1,Tier-3,7422.85,0
APP101277,63188.32853,51.14162945,3960.855647,0.062683343,Self-Employed,6.9,0,1,59.46,1.0,1,Tier-2,2575.44,0
APP101278,29410.17752,23.49816499,812.3235343,0.027620491,Salaried,3.3,0,2,24.49,1.0,2,Tier-2,1978.56,0
APP101279,46668.62847,57.8349421,1833.48585,0.039287331,Contract,20.5,1,0,13.75,1.0,0,Tier-1,3085.46,0
APP101280,62693.26958,22.52686485,5321.712558,0.08488491,Salaried,2.2,3,1,46.96,1.0,4,Tier-2,2817.29,0
APP101281,65307.12748,23.72316582,1906.79553,0.029197357,Self-Employed,1.0,1,1,61.44,1.0,0,Tier-1,4424.35,0
APP101282,59589.06429,20.60976412,4191.715856,0.07034371,Salaried,0.6,2,1,31.05,1.0,2,Tier-1,9511.84,0
APP101283,41019.54879,23.25425304,3005.826864,0.073277911,Contract,2.8,0,0,25.82,1.09,1,Tier-1,7728.03,0
APP101284,48058.87138,47.74535288,6527.990222,0.135833199,Salaried,8.2,0,1,48.3,1.39,3,Tier-3,8259.87,0
APP101285,50208.53002,35.02765993,729.6044303,0.014531484,Salaried,7.7,0,0,20.65,1.0,0,Tier-1,6491.63,0
APP101286,62526.88793,61.05217092,5835.542391,0.093328528,Salaried,20.5,1,0,20.82,1.0,1,Tier-3,2004.61,0
APP101287,48192.18561,29.75531818,5026.474557,0.104300614,Contract,3.8,1,0,68.03,1.48,1,Tier-3,11593.67,0
APP101288,30884.05673,31.27786188,4099.902045,0.132751409,Contract,9.5,4,1,70.41,1.18,4,Tier-3,1811.58,1
APP101289,36965.74248,53.76235862,6333.391588,0.171331378,Salaried,23.4,0,1,63.56,1.93,4,Tier-3,6422.31,0
APP101290,43536.03891,27.86690712,6427.726093,0.1476415,Salaried,5.8,0,0,40.16,2.15,0,Tier-3,10011.76,1
APP101291,69181.66406,39.23658259,1173.740942,0.01696607,Salaried,4.2,0,0,56.31,1.0,2,Tier-1,12486.51,0
APP101292,64233.0407,26.71456132,12104.53421,0.188447162,Salaried,1.9,2,2,12.14,1.52,1,Tier-1,4506.04,1
APP101293,52593.51506,19.53498199,811.9078625,0.015437414,Self-Employed,0.7,0,0,34.58,1.0,0,Tier-2,4871.9,0
APP101294,32282.25175,42.63495589,3345.941958,0.103646486,Salaried,6.1,1,1,36.89,1.0,0,Tier-2,869.92,0
APP101295,54077.84328,57.12066029,7149.066896,0.132199556,Salaried,28.8,0,1,7.02,1.77,4,Tier-1,8702.99,0
APP101296,51595.35748,28.46181675,385.4033625,0.007469729,Self-Employed,2.6,0,1,48.87,1.0,1,Tier-2,8306.25,0
APP101297,23097.37648,53.76303351,4517.579801,0.195588439,Self-Employed,15.8,1,0,27.47,2.59,0,Tier-2,4316.09,0
APP101298,27407.0562,26.15943832,2949.931674,0.107634021,Contract,3.0,1,1,61.92,1.05,0,Tier-3,617.46,0
APP101299,64395.29807,63.17131965,10054.63464,0.156139267,Self-Employed,24.1,2,0,44.33,1.69,0,Tier-2,13400.89,0
APP101300,60432.21666,41.92232593,6300.868939,0.104263409,Salaried,5.4,2,3,61.88,1.65,1,Tier-2,11476.29,0
APP101301,42990.98283,29.52880839,4665.581021,0.108524642,Contract,4.7,1,0,65.66,1.06,1,Tier-2,2252.9,0
APP101302,41581.88992,22.85122067,7895.112865,0.189869024,Self-Employed,1.5,3,2,62.28,2.37,1,Tier-2,4156.28,1
APP101303,53289.06529,47.45984368,8047.140754,0.151009231,Salaried,20.1,0,0,17.25,1.69,0,Tier-3,8891.85,0
APP101304,22372.50524,31.49304954,1118.926064,0.050013445,Contract,2.4,2,0,42.04,1.0,1,Tier-1,2998.66,0
APP101305,57119.73969,22.33448761,10211.72193,0.178777459,Self-Employed,3.0,2,2,26.6,2.67,0,Tier-2,2654.45,1
APP101306,31112.05942,49.61600423,424.3521316,0.013639474,Self-Employed,20.5,0,0,23.36,1.0,3,Tier-2,1247.26,0
APP101307,68936.32135,43.36505621,11073.1585,0.160628799,Self-Employed,8.3,1,0,14.85,2.13,0,Tier-2,13768.99,0
APP101308,20436.33129,56.94096616,2356.18197,0.115293784,Salaried,24.3,1,0,45.69,1.43,2,Tier-1,1141.83,0
APP101309,20583.61217,21.98976744,53.18620734,0.00258391,Salaried,0.7,1,0,33.46,1.0,1,Tier-1,1226.4,0
APP101310,58988.3058,19.9765914,4728.259542,0.08015588,Salaried,1.4,0,0,47.67,1.0,1,Tier-1,12453.16,0
APP101311,45311.83184,26.928215,3103.812228,0.068498935,Self-Employed,4.2,3,1,54.03,1.0,0,Tier-1,7285.79,0
APP101312,60856.83099,37.07050063,10238.4963,0.168239064,Salaried,6.3,0,1,7.48,1.55,2,Tier-3,9681.38,0
APP101313,45818.28325,48.45083936,8137.164403,0.177596449,Salaried,11.2,1,1,44.26,2.57,3,Tier-2,5967.81,0
APP101314,20904.55548,41.0178787,2606.023776,0.124662961,Self-Employed,4.4,2,3,19.21,1.07,0,Tier-1,3153.85,0
APP101315,49908.29187,29.55094038,2903.036128,0.058167411,Self-Employed,8.6,2,0,62.37,1.0,0,Tier-1,7905.82,0
APP101316,55988.29528,31.08703947,7745.754809,0.138345966,Salaried,2.3,3,3,64.21,1.49,2,Tier-1,13582.76,1
APP101317,62125.25811,21.08586764,5700.457195,0.091757481,Self-Employed,1.7,0,1,22.86,1.0,0,Tier-3,4428.53,0
APP101318,48822.72096,60.94434946,599.347887,0.012276003,Contract,17.8,3,0,20.78,1.0,2,Tier-1,3385.82,0
APP101319,29976.8291,57.6661531,3796.03274,0.126632231,Self-Employed,28.5,0,0,64.39,1.42,0,Tier-3,994.04,0
APP101320,41944.26819,61.13506293,1203.700529,0.028697617,Self-Employed,12.8,1,0,73.65,1.0,2,Tier-1,7188.65,0
APP101321,36970.36044,33.70459912,1268.506383,0.034311442,Salaried,7.4,2,3,39.78,1.0,1,Tier-3,5408.01,0
APP101322,39992.71911,20.8266799,4999.202015,0.125002804,Contract,1.2,2,1,18.48,1.75,0,Tier-1,1823.07,1
APP101323,42450.54304,61.61424618,6210.280587,0.146294491,Self-Employed,24.9,3,0,21.22,1.38,2,Tier-1,4408.23,0
APP101324,42146.93762,23.72052181,7367.258247,0.174799372,Contract,1.1,0,2,30.25,2.71,1,Tier-1,2574.86,1
APP101325,52841.51644,18.44602338,5957.386324,0.112740639,Contract,0.1,1,1,33.16,1.26,0,Tier-2,5085.51,0
APP101326,66418.95631,62.64878626,9340.544462,0.140630702,Salaried,12.4,1,0,35.8,1.66,1,Tier-1,15860.23,0
APP101327,44047.66656,27.31337199,2096.917501,0.047605643,Self-Employed,5.5,2,0,52.76,1.0,1,Tier-2,7803.63,0
APP101328,24821.21413,19.24390259,874.3242555,0.035224879,Contract,0.3,0,1,14.38,1.0,0,Tier-3,539.64,0
APP101329,35583.61854,63.05439716,27.25248225,0.000765872,Self-Employed,22.3,1,1,42.17,1.0,4,Tier-1,2778.26,0
APP101330,25289.60724,21.28056335,2130.793535,0.084255699,Contract,0.9,0,0,15.72,1.0,2,Tier-1,566.06,0
APP101331,39770.12866,45.19093801,280.8785474,0.007062551,Self-Employed,18.1,1,1,15.09,1.0,0,Tier-3,7334.4,0
APP101332,59511.1387,29.27411054,2520.514452,0.042353659,Salaried,8.1,1,1,46.67,1.0,3,Tier-2,7615.46,0
APP101333,51211.65404,45.62856826,4093.360006,0.079930244,Salaried,12.7,0,0,31.13,1.15,1,Tier-3,12732.46,0
APP101334,56530.49727,45.54492831,5957.993317,0.10539432,Self-Employed,10.0,2,1,29.75,1.5,2,Tier-1,10668.67,0
APP101335,42604.46298,41.93638103,7942.168145,0.186416342,Self-Employed,7.0,2,2,40.34,1.93,0,Tier-1,5927.13,0
APP101336,66642.00775,56.16766872,4958.067776,0.074398535,Salaried,6.9,1,1,44.0,1.0,2,Tier-1,13667.09,0
APP101337,35527.83449,47.44952906,325.1195915,0.009151123,Self-Employed,9.2,0,0,27.36,1.0,2,Tier-3,6469.79,0
APP101338,66896.76531,31.54546803,387.3944203,0.005790929,Salaried,7.3,1,0,20.69,1.0,1,Tier-3,5088.74,0
APP101339,51980.35954,35.41570329,6243.04503,0.120103922,Self-Employed,8.2,1,0,47.8,1.54,0,Tier-3,7379.1,0
APP101340,40081.42056,43.11674328,770.7775496,0.019230295,Contract,18.0,1,1,41.32,1.0,0,Tier-1,5927.23,0
APP101341,50167.67175,42.04748763,5592.651807,0.111479198,Self-Employed,9.3,1,1,78.67,1.0,1,Tier-3,6209.92,0
APP101342,39545.95959,43.70086672,5787.658045,0.146352702,Self-Employed,14.6,0,1,32.7,1.96,0,Tier-1,2420.78,0
APP101343,43372.39761,55.1945837,474.5253267,0.010940722,Salaried,16.5,0,1,66.54,1.0,1,Tier-2,3095.7,0
APP101344,33084.16985,59.02910226,5762.469958,0.174176048,Salaried,18.8,0,2,57.36,2.0,2,Tier-3,2800.27,0
APP101345,53187.97965,63.55816426,4879.846139,0.091747161,Self-Employed,14.2,1,1,45.36,1.37,3,Tier-1,1189.21,0
APP101346,48290.88046,30.03676084,4902.975221,0.101530044,Salaried,5.1,3,1,59.93,1.0,1,Tier-1,11150.22,0
APP101347,66078.76935,45.53632503,3664.621452,0.055458379,Salaried,11.9,1,1,67.68,1.0,0,Tier-1,11748.94,0
APP101348,51547.16666,53.11192749,6563.41158,0.12732827,Salaried,20.2,2,2,13.92,1.14,3,Tier-3,9206.94,0
APP101349,39393.14058,52.73927401,5415.054667,0.137461867,Salaried,24.8,0,0,4.74,1.14,3,Tier-1,5973.42,0
APP101350,69592.01083,63.238625,13025.05657,0.187163101,Self-Employed,15.7,1,3,12.7,1.91,1,Tier-1,12425.06,0
APP101351,54588.50119,31.07765403,2847.819173,0.052168847,Salaried,2.3,2,1,19.4,1.0,0,Tier-3,13419.4,0
APP101352,44964.0106,48.41480327,693.2147138,0.015417101,Contract,13.6,0,1,56.72,1.0,2,Tier-1,4882.5,0
APP101353,46081.64555,50.06910454,1487.786041,0.032285871,Self-Employed,15.3,1,1,44.51,1.0,2,Tier-1,8473.53,0
APP101354,45564.01535,22.28801022,715.8366044,0.015710569,Salaried,1.1,0,0,47.23,1.0,0,Tier-2,4679.04,0
APP101355,62657.60254,28.17425706,5771.088254,0.092105156,Self-Employed,6.2,2,1,28.22,1.18,2,Tier-3,13564.52,0
APP101356,67921.63211,35.85197819,1399.875472,0.020610157,Self-Employed,13.2,0,0,26.01,1.0,2,Tier-1,14762.53,0
APP101357,59514.01238,57.01784581,2504.722649,0.042086268,Salaried,28.0,1,1,32.76,1.0,1,Tier-2,13540.7,0
APP101358,48422.53611,41.85424768,3520.565901,0.072705112,Contract,6.4,2,0,29.44,1.07,2,Tier-1,1029.3,0
APP101359,22001.31745,31.61728481,2155.812173,0.097985595,Self-Employed,9.2,2,0,26.35,1.57,1,Tier-2,1948.97,0
APP101360,52529.69877,18.81280424,9808.19094,0.18671706,Contract,0.5,0,1,54.02,2.37,2,Tier-1,2668.65,1
APP101361,24061.46316,34.51152011,3980.578783,0.165433779,Contract,7.0,2,1,75.8,1.73,1,Tier-1,2993.65,1
APP101362,23450.87213,34.40636966,1419.805523,0.060543826,Self-Employed,7.8,1,0,67.53,1.0,0,Tier-2,3141.32,0
APP101363,32866.57824,44.88061703,6037.007733,0.183682271,Self-Employed,17.7,0,1,41.89,2.71,2,Tier-3,2591.79,0
APP101364,30958.90796,43.60356595,1558.930765,0.050354837,Self-Employed,11.2,0,1,9.67,1.0,2,Tier-2,5770.51,0
APP101365,27550.89527,29.73292642,3944.219318,0.143161203,Salaried,4.4,2,0,47.56,1.66,4,Tier-3,2260.47,1
APP101366,36024.93789,51.80688647,4155.44929,0.115349242,Self-Employed,15.1,1,2,44.33,1.22,1,Tier-2,7795.62,0
APP101367,46801.27429,34.60522061,5315.97382,0.113586091,Salaried,8.3,1,1,52.24,1.17,0,Tier-1,2848.4,0
APP101368,27082.71898,60.27796277,4990.557123,0.184270904,Salaried,11.1,1,2,60.01,2.74,4,Tier-1,2829.17,0
APP101369,65435.03538,19.84650416,12727.99755,0.194513497,Salaried,1.3,1,0,22.8,2.21,2,Tier-3,10673.42,1
APP101370,59295.74108,51.34979947,493.7144299,0.008326305,Self-Employed,18.5,1,0,24.38,1.0,4,Tier-2,9441.49,0
APP101371,45435.26724,21.04219778,2143.386972,0.047174521,Self-Employed,1.6,0,0,18.13,1.0,0,Tier-3,1724.12,0
APP101372,61742.60958,34.55981004,326.9895676,0.005296011,Self-Employed,3.5,2,0,38.62,1.0,1,Tier-1,13252.4,0
APP101373,31396.86601,34.99668137,3719.230135,0.118458643,Salaried,8.7,3,2,33.1,1.17,0,Tier-1,4946.73,0
APP101374,35916.70415,53.54044336,6401.189486,0.178223187,Self-Employed,7.9,2,1,31.57,2.17,3,Tier-1,7904.11,0
APP101375,43969.60416,25.48304865,7455.920157,0.169569872,Contract,1.5,1,1,48.85,1.91,3,Tier-1,9653.8,1
APP101376,60624.81537,39.85778773,6740.716136,0.111187409,Salaried,10.2,0,1,38.68,1.15,1,Tier-1,8824.63,0
APP101377,69939.32968,55.63762125,2225.224533,0.031816498,Salaried,14.7,2,0,35.49,1.0,0,Tier-2,16049.66,0
APP101378,69755.32016,44.54368228,13766.05124,0.197347689,Salaried,13.4,2,0,26.16,2.4,0,Tier-2,15006.73,0
APP101379,69478.39876,22.65633974,10229.40788,0.147231486,Salaried,0.9,3,0,43.69,2.14,2,Tier-1,16700.4,1
APP101380,34192.16052,27.9972893,5233.663228,0.153066175,Contract,4.1,2,0,30.5,2.27,1,Tier-1,7372.33,1
APP101381,57457.85794,50.71466253,3608.805202,0.062807862,Salaried,8.3,3,1,25.89,1.0,2,Tier-2,12001.62,0
APP101382,63910.33466,56.63563264,8986.718948,0.140614487,Self-Employed,28.7,1,1,21.71,1.8,1,Tier-2,8177.51,0
APP101383,26643.80899,19.28962851,1413.783224,0.053062354,Contract,0.6,0,2,83.02,1.0,1,Tier-2,1832.22,0
APP101384,23985.07542,24.4328115,2284.209129,0.095234603,Self-Employed,3.6,0,0,77.38,1.07,0,Tier-2,5503.69,0
APP101385,63660.64881,50.28296012,7832.572411,0.123036327,Salaried,11.1,4,1,7.73,1.9,2,Tier-3,11852.74,0
APP101386,44102.33009,21.0142084,842.5690773,0.019104865,Salaried,0.6,2,0,13.13,1.0,1,Tier-2,3739.97,0
APP101387,29409.8059,41.61039681,3388.560923,0.115218745,Salaried,17.4,2,0,24.42,1.11,3,Tier-3,2894.78,0
APP101388,49294.65931,37.25489393,4574.85478,0.092806297,Salaried,6.2,2,2,11.59,1.0,2,Tier-2,8764.49,0
APP101389,39553.64738,53.69063324,7063.898036,0.178590307,Self-Employed,14.4,1,1,9.06,1.69,1,Tier-1,5137.94,0
APP101390,68583.04105,57.08784007,2922.288685,0.042609494,Salaried,21.1,0,2,1.79,1.0,0,Tier-1,2656.97,0
APP101391,31060.60626,53.27721306,3729.97465,0.120086988,Self-Employed,5.8,4,0,44.91,1.83,3,Tier-2,1631.71,0
APP101392,29190.32462,60.29122269,5239.594773,0.179497653,Salaried,26.9,3,1,16.18,2.77,0,Tier-2,5589.92,0
APP101393,63437.70015,54.62814035,11963.36422,0.188584457,Salaried,17.3,4,0,28.91,1.59,1,Tier-2,6062.8,0
APP101394,35243.06323,35.62987754,748.9407179,0.021250727,Self-Employed,5.6,2,0,84.47,1.0,4,Tier-1,4819.82,0
APP101395,36475.35353,63.3304318,413.3111631,0.011331245,Contract,8.5,2,2,35.34,1.0,2,Tier-2,7160.95,0
APP101396,63271.60883,23.34209813,11298.17219,0.178566223,Salaried,1.3,1,2,72.62,1.99,1,Tier-3,12196.89,1
APP101397,45540.32552,59.31814027,1490.470251,0.032728581,Contract,28.4,2,0,28.81,1.0,0,Tier-2,2660.17,0
APP101398,68565.3855,21.21090931,1231.537368,0.017961503,Salaried,1.8,0,0,35.88,1.0,3,Tier-2,2922.98,0
APP101399,20063.09958,24.27833881,2495.132991,0.124364283,Salaried,1.9,0,0,12.17,1.16,0,Tier-3,3129.14,1
APP101400,44222.2622,55.86147245,7443.486707,0.168319899,Salaried,7.2,3,0,84.39,1.51,0,Tier-1,8427.68,0
APP101401,67839.24446,47.78258022,5609.326602,0.08268557,Salaried,16.8,1,1,19.1,1.0,0,Tier-1,3682.26,0
APP101402,54009.69228,49.40990043,884.7355047,0.016381051,Salaried,15.5,3,1,46.74,1.0,0,Tier-3,5700.71,0
APP101403,52234.07535,47.98450551,9255.842934,0.177199326,Salaried,11.8,3,0,52.06,1.9,4,Tier-1,11500.06,0
APP101404,28423.13147,61.67145866,5282.849182,0.185864432,Contract,16.1,0,1,48.13,2.13,2,Tier-2,6741.15,0
APP101405,52623.43759,50.41852689,1156.319703,0.021973473,Contract,9.1,0,0,38.44,1.0,2,Tier-1,6548.25,0
APP101406,25636.33357,55.7820572,1239.688258,0.048356691,Salaried,20.8,1,1,52.11,1.0,4,Tier-1,981.58,0
APP101407,60842.94116,60.25514261,6608.968795,0.108623427,Self-Employed,30.9,0,1,22.54,1.21,0,Tier-1,4823.03,0
APP101408,36727.746,58.18465417,7287.540764,0.198420583,Contract,10.3,0,0,16.99,2.11,0,Tier-1,2702.54,0
APP101409,63830.74744,35.1387838,5271.626982,0.08258758,Self-Employed,8.7,3,2,56.26,1.21,2,Tier-1,4784.86,0
APP101410,43108.41456,22.29196192,647.8793786,0.01502907,Salaried,1.7,2,0,45.0,1.0,1,Tier-1,5758.97,0
APP101411,25285.26113,19.81954403,1027.577792,0.040639398,Contract,0.8,2,1,92.76,1.0,1,Tier-2,3897.52,0
APP101412,57646.24291,62.87074846,1452.493378,0.02519667,Salaried,13.6,2,0,58.63,1.0,0,Tier-2,2777.23,0
APP101413,51027.56761,61.50629662,3313.30041,0.064931577,Salaried,28.1,0,1,43.29,1.0,1,Tier-3,11458.34,0
APP101414,37389.77238,34.44216878,7365.938916,0.197004112,Contract,7.3,0,0,25.68,1.7,0,Tier-3,6079.35,1
APP101415,65017.59349,26.91783316,1017.166545,0.015644482,Self-Employed,4.2,0,2,53.81,1.0,0,Tier-2,10231.68,0
APP101416,20595.93458,45.47522442,1330.067638,0.064579135,Contract,9.1,1,1,26.46,1.0,0,Tier-3,5088.72,0
APP101417,56445.47391,55.66152026,6875.579683,0.121809229,Salaried,9.8,2,1,11.07,1.16,1,Tier-2,9283.76,0
APP101418,60864.32175,44.14129754,3704.032126,0.060857199,Salaried,5.3,0,0,6.48,1.0,1,Tier-2,14221.59,0
APP101419,51231.01043,62.58516727,813.0279887,0.015869841,Salaried,25.8,0,0,43.36,1.0,1,Tier-2,4397.62,0
APP101420,41103.13692,63.07950736,3644.301903,0.088662379,Contract,12.1,1,4,79.46,1.24,4,Tier-1,3092.18,0
APP101421,56267.05082,43.12014146,8238.115021,0.146410997,Salaried,14.2,1,0,30.32,2.16,3,Tier-3,7809.83,0
APP101422,20774.84582,35.58814413,1347.331612,0.064853988,Salaried,6.8,2,2,36.41,1.03,1,Tier-2,2845.74,0
APP101423,46424.22123,59.20610592,4087.180707,0.088039833,Salaried,16.5,1,0,52.89,1.0,4,Tier-1,3346.78,0
APP101424,29909.554,62.72826528,4495.278753,0.150295747,Contract,19.3,1,1,25.91,1.46,4,Tier-1,5411.26,0
APP101425,62808.50507,56.77153074,6465.75059,0.10294387,Self-Employed,14.4,2,0,7.26,1.45,1,Tier-1,1684.26,0
APP101426,41243.80514,52.07526842,4161.573148,0.100901775,Self-Employed,7.2,3,1,13.63,1.24,1,Tier-3,7376.25,0
APP101427,46089.14789,63.29653317,1618.218357,0.035110616,Self-Employed,15.2,0,0,36.98,1.0,4,Tier-3,5768.1,0
APP101428,69191.23338,57.38518469,6270.574035,0.090626713,Salaried,21.6,1,1,76.83,1.0,2,Tier-1,12348.68,0
APP101429,60846.66501,32.67339488,8974.492021,0.147493573,Self-Employed,8.1,4,0,33.48,1.51,0,Tier-1,7893.55,1
APP101430,66558.93437,48.51616071,3090.992455,0.046439933,Salaried,9.8,2,0,23.11,1.0,2,Tier-1,16292.75,0
APP101431,27428.28187,54.32718563,1287.632081,0.046945415,Contract,15.5,1,4,56.9,1.0,0,Tier-3,2659.93,0
APP101432,60912.79896,60.68736389,3870.333893,0.063538927,Salaried,11.4,2,0,14.9,1.0,1,Tier-1,14984.05,0
APP101433,28127.50945,41.48682721,3279.557824,0.116596097,Contract,6.5,2,1,69.57,1.03,0,Tier-3,982.89,0
APP101434,64029.54348,36.15775109,1644.339177,0.025680945,Salaried,3.0,0,3,45.32,1.0,0,Tier-2,11350.2,0
APP101435,61836.73562,29.54548658,10971.97464,0.177434571,Salaried,7.9,3,0,48.54,2.61,0,Tier-3,7696.84,1
APP101436,37005.07185,58.89032024,1068.887398,0.028884889,Salaried,11.3,1,1,59.49,1.0,3,Tier-2,7737.45,0
APP101437,56003.5734,18.25026519,3639.900038,0.064994068,Self-Employed,0.1,2,1,27.6,1.0,0,Tier-2,11290.98,0
APP101438,58038.92625,54.00212561,538.2305227,0.009273613,Salaried,11.4,0,0,29.91,1.0,0,Tier-2,11842.75,0
APP101439,29237.2562,24.59757384,23.91642787,0.000818012,Salaried,1.5,1,0,32.11,1.0,0,Tier-3,1221.82,0
APP101440,33265.79055,21.58345902,5968.442038,0.17941681,Self-Employed,1.9,2,0,67.94,1.92,1,Tier-3,6957.34,1
APP101441,66236.92716,35.91910784,2756.9723,0.04162289,Salaried,3.5,2,1,41.61,1.0,4,Tier-2,4585.53,0
APP101442,41978.7125,52.53010216,1603.924862,0.038208053,Salaried,8.0,0,0,25.54,1.0,0,Tier-2,1087.52,0
APP101443,63453.22313,23.91570541,10668.36351,0.168129576,Salaried,3.2,2,0,4.41,2.08,0,Tier-3,4446.8,1
APP101444,24985.59066,50.1327548,2017.139948,0.08073213,Contract,11.4,0,0,37.75,1.0,1,Tier-3,3254.01,0
APP101445,53593.1132,62.88581,1428.189214,0.026648745,Salaried,25.8,0,0,46.7,1.0,1,Tier-2,10219.44,0
APP101446,54179.72187,52.90507993,10028.01586,0.185087991,Salaried,16.9,5,0,55.38,2.22,0,Tier-1,3808.05,0
APP101447,20126.41377,36.46094444,1432.355862,0.071167963,Self-Employed,5.6,1,1,53.94,1.0,1,Tier-1,925.65,0
APP101448,51180.83971,56.78991141,2875.44523,0.056182064,Self-Employed,21.0,1,2,44.24,1.0,1,Tier-3,8627.68,0
APP101449,36455.70151,38.47891862,3437.076895,0.094280915,Contract,4.5,1,1,42.75,1.42,1,Tier-1,8978.91,0
APP101450,39188.94529,22.39910978,3545.162249,0.090463324,Salaried,2.1,1,0,49.4,1.18,3,Tier-1,6199.7,0
APP101451,47852.9269,38.93593926,3295.320061,0.068863501,Self-Employed,8.6,1,1,34.92,1.0,0,Tier-1,8562.96,0
APP101452,20014.48947,43.2022035,2426.306223,0.121227485,Contract,7.8,1,0,68.19,1.55,0,Tier-2,2983.53,0
APP101453,28630.00951,27.29153003,4406.995056,0.153929221,Contract,4.8,2,1,22.65,2.02,2,Tier-2,5724.29,1
APP101454,66688.91312,48.08527027,9690.308798,0.145306144,Salaried,20.2,2,0,15.33,1.83,3,Tier-1,16301.11,0
APP101455,53226.19441,43.61874729,5686.643116,0.106839183,Salaried,19.2,2,0,22.24,1.0,0,Tier-1,7725.77,0
APP101456,35609.47835,47.88639354,2574.093432,0.072286749,Contract,15.4,0,0,42.06,1.16,4,Tier-2,4125.78,0
APP101457,64065.68286,43.28767314,771.7174942,0.012045723,Salaried,9.9,1,0,19.33,1.0,2,Tier-3,13958.56,0
APP101458,54935.65838,42.95419475,7921.83051,0.144201976,Salaried,7.1,0,1,57.1,1.61,0,Tier-1,13351.43,0
APP101459,67800.58133,28.94329698,5035.139378,0.074263956,Salaried,3.3,1,1,6.01,1.0,1,Tier-1,3370.49,0
APP101460,46893.33671,43.68609808,9131.864419,0.19473693,Salaried,11.2,5,2,62.52,1.71,0,Tier-2,7173.71,0
APP101461,54648.96698,56.49055625,10674.77021,0.195333431,Salaried,14.3,3,2,47.34,2.8,0,Tier-3,11053.62,0
APP101462,31410.50729,36.20457331,5797.292398,0.184565386,Contract,12.7,4,0,72.05,2.11,0,Tier-3,4481.28,0
APP101463,36989.58954,33.75563245,556.5559407,0.015046286,Self-Employed,5.8,1,0,57.11,1.0,2,Tier-2,4221.08,0
APP101464,33198.12828,30.14201203,4285.386912,0.129085196,Contract,4.5,1,1,28.34,1.31,3,Tier-3,5667.02,1
APP101465,47704.38083,21.84036088,2717.079485,0.056956603,Self-Employed,1.5,2,1,37.3,1.0,1,Tier-1,3917.94,0
APP101466,30569.5727,37.47767833,4752.557572,0.155466928,Salaried,12.7,0,1,32.12,1.56,1,Tier-1,3066.15,0
APP101467,61398.68707,63.2944038,9008.154521,0.146715752,Salaried,24.5,1,1,52.38,1.9,1,Tier-2,15240.61,0
APP101468,67750.82599,33.51874317,6855.986311,0.101194136,Self-Employed,8.0,1,2,41.9,1.47,2,Tier-3,11272.86,0
APP101469,47637.86203,51.05145093,6708.673591,0.140826504,Salaried,11.6,1,1,4.64,1.64,2,Tier-2,10517.17,0
APP101470,38357.51752,25.54630783,2548.413916,0.066438448,Salaried,4.8,1,0,14.57,1.0,1,Tier-3,7893.47,0
APP101471,43156.30527,27.84683467,2413.011907,0.055913311,Contract,1.7,1,0,46.21,1.0,2,Tier-3,7337.55,0
APP101472,41101.54295,35.65403369,5240.114373,0.127491914,Self-Employed,11.9,4,0,56.5,1.14,1,Tier-2,8769.74,0
APP101473,59475.49718,36.73713048,2628.262124,0.044190671,Salaried,8.6,0,0,43.44,1.0,2,Tier-1,5117.66,0
APP101474,40708.91941,32.81676887,5532.343843,0.135900042,Contract,5.8,1,0,11.44,1.53,0,Tier-1,6779.53,1
APP101475,30391.4733,59.26477079,2072.634066,0.068197881,Contract,18.5,2,2,19.08,1.0,0,Tier-3,4736.17,0
APP101476,46024.14456,24.17451622,4318.377722,0.093828528,Contract,3.4,1,0,31.92,1.0,1,Tier-1,7509.14,0
APP101477,66529.48522,59.42979515,6337.674939,0.095261145,Self-Employed,6.5,2,2,5.13,1.0,3,Tier-1,3910.96,0
APP101478,68115.98033,37.29177117,7458.559482,0.109497939,Self-Employed,13.0,1,1,28.18,1.64,1,Tier-3,5705.8,0
APP101479,38423.08429,29.20911929,3676.568354,0.095686445,Salaried,4.7,1,1,67.69,1.23,4,Tier-3,3301.75,0
APP101480,33227.28018,23.14898157,6470.410381,0.194731869,Salaried,1.8,2,0,39.84,2.83,0,Tier-1,5264.78,1
APP101481,61674.45723,54.82930153,4054.551771,0.065741183,Salaried,8.6,2,1,25.04,1.0,1,Tier-3,15029.19,0
APP101482,26931.06825,41.28060416,3668.646773,0.136223589,Contract,9.6,2,0,68.19,1.74,1,Tier-1,6448.25,0
APP101483,60040.99384,44.1414116,2659.694541,0.044297977,Salaried,11.7,0,3,36.45,1.0,2,Tier-1,4338.18,0
APP101484,26181.24241,42.66303152,2618.973497,0.100032438,Self-Employed,9.7,1,0,65.59,1.53,2,Tier-2,2359.31,0
APP101485,61552.21751,61.08761215,4042.539734,0.06567659,Salaried,24.0,1,1,66.9,1.0,3,Tier-2,1741.57,0
APP101486,29705.07473,41.83413714,1912.205091,0.064373011,Contract,9.6,2,0,31.35,1.0,2,Tier-1,3318.88,0
APP101487,53934.81227,21.47434043,2085.817639,0.038672938,Salaried,2.5,0,1,41.56,1.0,2,Tier-1,11432.83,0
APP101488,23007.38788,48.97252372,2296.795327,0.0998286,Self-Employed,15.8,1,0,16.23,1.56,4,Tier-1,5306.03,0
APP101489,48552.84341,29.37808354,5650.889688,0.11638638,Salaried,7.2,1,0,68.45,1.84,1,Tier-3,3612.05,0
APP101490,66370.88876,63.11349631,5176.361161,0.07799144,Salaried,9.7,2,0,70.64,1.02,3,Tier-2,5384.85,0
APP101491,49140.26986,43.64116195,8832.651707,0.179743655,Self-Employed,10.0,2,0,15.42,1.72,3,Tier-1,3478.91,0
APP101492,39684.9818,33.62885053,2590.928175,0.065287372,Contract,5.5,3,0,32.46,1.0,1,Tier-1,3989.29,0
APP101493,32025.40445,37.50658678,217.488528,0.006791125,Contract,9.6,1,0,24.7,1.0,2,Tier-2,6568.24,0
APP101494,55568.17946,42.75697379,6114.867546,0.110042611,Salaried,16.5,2,2,72.4,1.26,1,Tier-2,9378.64,0
APP101495,45898.51352,24.6631496,5617.178645,0.122382583,Salaried,1.3,1,1,47.44,1.17,0,Tier-3,9214.88,1
APP101496,39217.90992,30.10142049,864.6240529,0.022046663,Contract,2.3,1,0,15.94,1.0,2,Tier-1,6043.37,0
APP101497,34070.604,27.29405159,1401.685061,0.041140599,Salaried,6.1,3,0,35.71,1.0,0,Tier-3,2701.07,0
APP101498,66768.36121,49.13087482,4255.367636,0.063733295,Salaried,8.6,1,1,52.32,1.0,1,Tier-2,4836.61,0
APP101499,31400.85843,62.58585538,4464.404268,0.142174593,Self-Employed,24.6,0,1,40.05,1.85,3,Tier-1,693.02,0
APP101500,49335.75726,43.62837513,2549.620474,0.051678957,Salaried,12.2,0,0,26.29,1.0,0,Tier-1,9848.69,0
APP101501,51774.05251,47.78184138,1508.761776,0.029141273,Contract,19.4,1,1,38.7,1.0,0,Tier-2,11123.03,0
APP101502,43064.64735,43.9394257,787.0471897,0.018275946,Contract,5.8,0,1,10.05,1.0,2,Tier-3,8471.03,0
APP101503,41226.13468,49.1241523,2155.660059,0.052288677,Salaried,7.1,0,3,27.76,1.0,1,Tier-2,1530.0,0
APP101504,43044.51778,60.84842437,1661.71346,0.038604532,Contract,20.7,0,1,20.36,1.0,1,Tier-2,8407.07,0
APP101505,33546.29204,54.69847514,5347.295507,0.159400494,Contract,26.3,3,1,7.19,1.28,1,Tier-1,1024.05,0
APP101506,69209.33087,26.03284952,6284.833573,0.09080905,Salaried,3.2,0,0,18.28,1.44,0,Tier-1,3065.03,0
APP101507,32291.54455,39.17461364,277.3875685,0.008590099,Contract,7.3,1,0,33.4,1.0,0,Tier-2,3917.27,0
APP101508,66274.0729,21.82560426,11576.54224,0.174676789,Salaried,2.0,1,0,12.22,1.76,3,Tier-2,8583.41,1
APP101509,34102.7912,42.05373123,1269.254575,0.037218495,Self-Employed,17.0,1,1,27.98,1.0,0,Tier-2,7083.4,0
APP101510,21144.56287,21.35588554,703.363923,0.033264529,Contract,2.2,1,0,66.41,1.0,1,Tier-1,3727.6,0
APP101511,41049.97459,49.84094132,5890.113644,0.143486414,Salaried,23.8,1,0,80.05,2.29,4,Tier-1,2268.57,0
APP101512,36351.27773,33.863571,6619.832683,0.18210729,Salaried,2.6,2,3,9.75,1.89,3,Tier-1,2617.79,1
APP101513,63144.45921,32.09867363,812.5725496,0.01286847,Salaried,3.1,0,1,31.29,1.0,0,Tier-3,5411.81,0
APP101514,32086.91354,28.41077647,6362.390354,0.198286144,Contract,5.4,1,0,57.58,2.97,1,Tier-2,1554.44,1
APP101515,28873.16732,62.23474707,992.5777177,0.034377168,Salaried,28.4,1,0,71.21,1.0,2,Tier-1,2487.66,0
APP101516,65359.29615,18.60512247,7707.240563,0.117921107,Salaried,0.2,1,0,56.66,1.29,2,Tier-1,12259.94,0
APP101517,49064.28847,43.37234458,5636.35344,0.114876902,Salaried,7.4,1,0,67.05,1.74,2,Tier-1,3705.45,0
APP101518,23763.06056,39.39309718,2950.314863,0.124155508,Contract,13.3,0,1,44.73,1.74,1,Tier-2,5040.92,0
APP101519,51845.94256,43.41943507,8750.832088,0.168785283,Salaried,4.7,0,0,72.46,1.66,0,Tier-3,6635.71,0
APP101520,67035.32642,46.09920974,11276.62254,0.168219104,Salaried,10.4,1,0,9.55,2.21,1,Tier-3,6319.77,0
APP101521,49240.7625,53.25457982,8004.35984,0.162555562,Salaried,16.0,1,0,25.04,2.5,2,Tier-2,5655.61,0
APP101522,36132.32759,18.71333256,3009.39734,0.083288223,Self-Employed,0.3,0,1,25.64,1.0,2,Tier-1,6618.87,0
APP101523,67006.80649,36.1980031,3692.169172,0.055101405,Salaried,10.7,1,1,10.05,1.0,0,Tier-2,9304.72,0
APP101524,39453.64561,32.4015456,436.9352469,0.011074648,Salaried,5.2,3,1,20.74,1.0,0,Tier-2,855.12,0
APP101525,52205.60706,24.64014386,1135.152226,0.021743876,Salaried,3.4,1,2,6.13,1.0,4,Tier-1,12118.72,0
APP101526,46319.4168,45.14678836,1523.072058,0.032881935,Contract,13.6,2,0,11.71,1.0,0,Tier-3,1629.47,0
APP101527,29398.72742,41.41217588,4673.766198,0.158978521,Contract,11.2,0,1,65.6,1.58,0,Tier-3,6934.66,0
APP101528,31135.60771,19.00967065,2457.91369,0.07894221,Contract,0.5,0,1,39.84,1.01,2,Tier-2,824.32,0
APP101529,65603.81676,19.02164232,11775.35458,0.179491913,Salaried,0.3,2,0,57.95,1.83,1,Tier-2,12945.29,1
APP101530,41362.50837,44.36380808,607.965612,0.014698471,Salaried,5.3,0,1,36.42,1.0,0,Tier-2,5913.81,0
APP101531,60302.559,52.18494901,6509.698608,0.10795062,Salaried,7.6,1,0,13.59,1.21,1,Tier-2,8220.27,0
APP101532,54468.27921,23.87681513,68.62545627,0.001259916,Self-Employed,1.7,1,0,43.25,1.0,1,Tier-1,2001.11,0
APP101533,47683.71578,32.30653595,4752.287877,0.0996627,Salaried,6.4,2,2,14.29,1.36,1,Tier-1,3572.05,0
APP101534,38160.1165,31.3281223,3429.901579,0.089881842,Salaried,8.7,1,0,75.99,1.1,3,Tier-1,7587.6,0
APP101535,22925.81208,34.74104443,2547.279742,0.111109684,Contract,9.6,0,0,71.71,1.23,0,Tier-2,5158.07,0
APP101536,64087.85881,38.03717583,722.5195892,0.011273892,Salaried,12.5,1,0,34.15,1.0,2,Tier-2,9081.08,0
APP101537,65824.51566,40.62192013,2643.106432,0.04015383,Salaried,8.2,1,1,6.28,1.0,0,Tier-2,6665.98,0
APP101538,53451.93154,49.65761603,10529.72349,0.196994256,Salaried,12.4,2,0,44.62,2.94,1,Tier-3,1805.98,0
APP101539,36455.48471,35.26034072,2464.162321,0.067593734,Self-Employed,6.7,2,2,13.58,1.0,2,Tier-1,6449.01,0
APP101540,39573.34144,29.13702618,5785.884275,0.146206614,Salaried,3.0,0,0,40.68,1.62,0,Tier-2,3325.85,1
APP101541,41052.36578,49.91170718,4652.951748,0.113341866,Contract,6.0,2,1,53.19,1.02,2,Tier-2,1340.49,0
APP101542,37895.18173,54.51514932,6071.340205,0.160214041,Salaried,18.4,1,1,32.51,2.33,0,Tier-1,6561.4,0
APP101543,44827.23377,56.29849542,2639.916846,0.058890916,Salaried,28.5,1,2,44.76,1.0,0,Tier-1,5904.44,0
APP101544,28341.08677,39.96176879,2248.242914,0.079328042,Self-Employed,5.5,0,2,71.44,1.0,1,Tier-3,644.8,0
APP101545,56887.2028,36.41703326,10969.59669,0.192830657,Salaried,3.3,4,0,17.73,2.67,2,Tier-3,2589.08,0
APP101546,25146.59568,21.05419926,2890.652793,0.114952053,Contract,1.9,1,0,21.92,1.3,0,Tier-1,4546.92,0
APP101547,54739.16452,28.02186979,7218.968224,0.131879401,Salaried,3.0,1,1,45.23,1.58,3,Tier-3,1896.41,1
APP101548,30497.20451,28.47694441,4573.59409,0.14996765,Contract,6.8,2,0,79.35,2.2,0,Tier-3,6684.12,1
APP101549,25358.89794,41.17179443,2220.2256,0.087552133,Contract,13.3,2,0,31.86,1.0,0,Tier-1,2323.0,0
APP101550,29993.5633,49.05577318,2749.585697,0.091672526,Contract,22.3,2,1,38.19,1.12,0,Tier-1,1211.54,0
APP101551,64675.77948,30.51510922,4628.603003,0.07156625,Salaried,4.9,2,1,66.47,1.0,0,Tier-1,12595.23,0
APP101552,56256.03887,22.16050255,5452.244532,0.096918387,Self-Employed,2.3,0,1,31.16,1.04,0,Tier-2,7910.63,0
APP101553,31702.3343,28.4226721,3587.722389,0.113169029,Self-Employed,4.5,0,0,32.85,1.49,2,Tier-2,2869.92,0
APP101554,34113.11328,30.83356232,6360.154897,0.186443109,Salaried,6.8,2,0,9.22,1.53,1,Tier-1,3868.52,1
APP101555,44666.01285,54.7025233,7548.444373,0.168997497,Self-Employed,15.4,1,0,32.46,2.15,1,Tier-2,1113.29,0
APP101556,39421.36684,26.43064278,6111.961017,0.155041834,Salaried,2.2,1,1,21.99,1.59,4,Tier-1,6797.06,1
APP101557,21683.19372,46.02739322,339.5922689,0.015661543,Self-Employed,12.7,2,0,30.55,1.0,1,Tier-1,2257.83,0
APP101558,65697.59284,36.28615968,5644.653159,0.085918721,Self-Employed,8.5,0,0,31.09,1.0,0,Tier-2,12103.38,0
APP101559,68657.7893,35.76410817,2427.949887,0.035363065,Self-Employed,11.3,0,0,28.8,1.0,0,Tier-1,11292.79,0
APP101560,66981.413,27.48095465,6678.5628,0.099707703,Salaried,5.6,3,1,9.25,1.31,0,Tier-2,11372.67,0
APP101561,45971.13349,27.39847292,4776.490486,0.103901952,Contract,5.2,2,2,37.59,1.64,1,Tier-3,9302.96,0
APP101562,42965.99275,45.19554599,8109.051409,0.188731853,Salaried,5.9,1,1,28.27,2.89,0,Tier-1,7096.54,0
APP101563,50895.81034,18.95700206,5556.83987,0.109180694,Salaried,0.6,2,1,53.95,1.12,1,Tier-1,5919.54,0
APP101564,46175.03194,36.91534391,1064.081875,0.023044529,Salaried,8.5,2,1,46.11,1.0,2,Tier-1,5064.63,0
APP101565,44984.89912,51.74721229,4584.611816,0.101914463,Self-Employed,23.2,2,1,20.13,1.35,2,Tier-2,2136.96,0
APP101566,66941.86486,22.54073556,12380.62471,0.184945919,Salaried,3.2,0,1,53.42,2.37,2,Tier-2,13339.64,1
APP101567,31022.14485,39.17585766,6144.939436,0.198082353,Self-Employed,3.9,1,1,29.13,1.63,0,Tier-2,6051.02,0
APP101568,46583.1996,32.70437491,6241.270508,0.133981147,Contract,9.4,0,0,61.23,1.2,0,Tier-2,3570.54,1
APP101569,56201.84143,43.27752018,8346.320922,0.148506183,Salaried,4.4,1,2,29.92,1.88,1,Tier-1,12275.43,0
APP101570,31587.06486,56.32561627,2677.825713,0.084776022,Salaried,14.2,2,2,17.36,1.3,0,Tier-1,4910.86,0
APP101571,40716.19089,25.80565159,2389.700759,0.058691658,Self-Employed,3.7,2,0,62.79,1.0,0,Tier-1,5297.09,0
APP101572,64966.06564,28.37929369,11495.7311,0.176949781,Self-Employed,2.5,3,0,15.04,1.63,1,Tier-2,1560.75,1
APP101573,68503.20589,19.28053543,3580.463677,0.052267097,Self-Employed,0.8,0,1,35.41,1.0,1,Tier-1,7400.43,0
APP101574,33867.50226,30.15785425,5714.026374,0.168717088,Self-Employed,1.9,1,1,51.56,1.41,2,Tier-3,5667.87,1
APP101575,54195.01517,39.30174824,6649.801459,0.122701349,Salaried,5.4,1,0,30.83,1.44,1,Tier-2,2202.59,0
APP101576,50565.33709,62.65586538,693.1964169,0.013708925,Salaried,22.3,2,1,23.0,1.0,4,Tier-1,6356.09,0
APP101577,57216.10102,31.82232807,3554.389365,0.062122188,Salaried,8.0,2,1,3.7,1.0,2,Tier-2,14217.64,0
APP101578,29849.96714,39.92872415,3678.899676,0.123246356,Salaried,15.3,3,0,58.38,1.48,0,Tier-3,5516.39,0
APP101579,29072.15179,38.47588837,1589.438432,0.054672198,Contract,11.7,1,0,73.92,1.0,1,Tier-1,4238.15,0
APP101580,29775.14222,21.03497172,3327.236235,0.111745436,Contract,1.7,1,0,82.35,1.23,1,Tier-1,4245.86,0
APP101581,46672.71314,54.54870377,1408.497717,0.030178184,Contract,14.1,2,2,46.09,1.0,2,Tier-2,1403.26,0
APP101582,66393.71115,58.61227209,9540.416626,0.143694583,Salaried,6.1,0,1,10.24,1.41,1,Tier-2,15946.6,0
APP101583,29338.25645,25.69012912,5120.406797,0.174530031,Self-Employed,1.7,1,1,25.98,1.84,1,Tier-1,6849.92,1
APP101584,67289.58568,26.72740046,13376.79771,0.198794473,Self-Employed,4.1,1,1,40.2,2.78,1,Tier-3,11907.1,1
APP101585,45980.33434,31.94832367,5929.09803,0.128948563,Salaried,7.7,2,0,32.22,1.79,0,Tier-2,1966.7,1
APP101586,34163.62565,45.78271792,6617.400172,0.193697245,Contract,11.1,1,0,6.5,2.96,4,Tier-3,2316.36,0
APP101587,52216.8158,23.637136,6803.333393,0.130290085,Contract,3.3,2,0,31.8,1.45,1,Tier-1,3253.07,1
APP101588,62313.27763,60.91730571,925.7955921,0.014857116,Salaried,19.9,0,0,28.86,1.0,0,Tier-3,8692.89,0
APP101589,49205.6371,24.62202976,3393.856589,0.068972922,Salaried,1.3,1,0,12.49,1.0,0,Tier-1,3335.89,0
APP101590,65688.7315,24.56447541,3673.870415,0.055928473,Salaried,1.7,1,0,30.11,1.0,3,Tier-1,11826.21,0
APP101591,43489.82845,51.73379038,6501.041226,0.149484177,Salaried,22.1,0,1,14.09,2.12,2,Tier-3,6323.55,0
APP101592,40966.67453,46.75507215,2393.524149,0.058426127,Self-Employed,16.8,1,1,48.18,1.0,2,Tier-1,985.71,0
APP101593,37261.44712,23.71839249,2075.519822,0.055701536,Self-Employed,3.9,1,2,32.77,1.0,2,Tier-3,7121.9,0
APP101594,58775.40389,45.6972166,5673.599822,0.096530172,Self-Employed,6.1,0,1,11.0,1.38,3,Tier-2,3728.16,0
APP101595,39395.83041,36.37047119,7557.873338,0.191844499,Self-Employed,13.7,3,1,62.7,2.2,1,Tier-3,8262.23,0
APP101596,21144.16215,58.39219715,987.7941458,0.04671711,Contract,11.1,2,0,47.45,1.0,0,Tier-2,2149.53,0
APP101597,33126.13272,50.96395425,4169.992872,0.125882273,Self-Employed,5.2,2,0,56.06,1.07,0,Tier-2,3242.47,0
APP101598,30931.50602,35.88248498,1074.787904,0.034747351,Self-Employed,13.4,1,0,49.33,1.0,1,Tier-1,702.7,0
APP101599,31936.94201,59.03712775,4087.995048,0.128002081,Self-Employed,13.1,0,0,73.87,1.4,1,Tier-2,7894.1,0
APP101600,38157.02968,51.52814013,5628.012004,0.147496072,Salaried,18.5,1,1,30.21,2.2,1,Tier-2,6134.16,0
APP101601,21032.81869,30.08246411,4024.089367,0.191324303,Contract,3.1,2,0,31.54,2.65,1,Tier-3,2465.63,1
APP101602,50238.53247,34.55520077,2567.615154,0.051108482,Salaried,8.2,1,0,66.16,1.0,2,Tier-1,2121.22,0
APP101603,67346.66246,34.90151683,6752.122458,0.100259199,Salaried,11.7,2,0,18.04,1.35,0,Tier-1,12176.55,0
APP101604,33261.64602,18.22962939,586.6510962,0.017637464,Contract,0.1,1,0,27.53,1.0,0,Tier-1,2828.17,0
APP101605,53113.0361,59.43689228,10080.52438,0.189793789,Salaried,22.9,1,1,30.7,2.16,2,Tier-1,13135.1,0
APP101606,42749.99032,56.41909458,4626.538637,0.108223151,Contract,10.1,2,1,41.4,1.41,0,Tier-2,10201.25,0
APP101607,42108.19992,26.99135128,1020.978164,0.02424654,Salaried,4.7,1,0,33.74,1.0,2,Tier-3,7963.43,0
APP101608,61344.53221,20.17553224,7172.654332,0.116924102,Salaried,0.8,3,1,36.24,1.36,1,Tier-1,14927.98,0
APP101609,54738.68229,26.77192946,6210.728279,0.113461414,Salaried,2.4,1,0,19.79,1.64,4,Tier-2,2424.69,0
APP101610,69695.15045,26.42448341,8418.25316,0.120786785,Self-Employed,2.8,0,1,20.17,1.72,3,Tier-3,5880.91,1
APP101611,62507.35478,27.95702726,6590.77723,0.105440028,Salaried,2.6,2,0,37.31,1.19,1,Tier-1,4890.95,0
APP101612,61922.77464,24.808657,1933.08292,0.031217641,Salaried,4.7,2,1,6.39,1.0,2,Tier-2,2264.08,0
APP101613,58023.72377,42.75183866,2785.779563,0.048011044,Salaried,9.6,0,0,49.38,1.0,0,Tier-2,14135.28,0
APP101614,27010.88377,36.60962245,2373.175255,0.087859963,Contract,5.5,3,0,55.93,1.0,1,Tier-2,912.81,0
APP101615,21194.61617,25.91319002,1102.848094,0.052034351,Salaried,3.3,0,0,69.87,1.0,2,Tier-2,4600.05,0
APP101616,68338.0974,34.33447148,12840.69671,0.187899535,Self-Employed,5.6,0,0,41.53,2.66,2,Tier-2,13440.54,1
APP101617,67772.79368,41.51526086,5037.933861,0.074335638,Salaried,14.0,2,1,2.61,1.0,1,Tier-1,7214.38,0
APP101618,67131.80269,58.06280852,2271.404537,0.033835,Salaried,29.4,2,1,45.1,1.0,0,Tier-2,1633.03,0
APP101619,33159.21728,42.34317793,2135.532137,0.064402369,Contract,10.0,1,0,37.45,1.0,2,Tier-3,709.68,0
APP101620,66087.08847,51.14572202,11039.28872,0.167041535,Salaried,22.1,1,1,44.11,2.56,0,Tier-1,4422.45,0
APP101621,60362.34427,24.69412307,10306.70536,0.170747268,Salaried,3.3,3,3,11.51,1.81,3,Tier-1,8063.9,1
APP101622,54609.46518,18.41373634,5618.20457,0.102879685,Salaried,0.1,3,0,34.47,1.45,2,Tier-3,6843.62,0
APP101623,63637.28183,26.85198754,9955.225362,0.156436998,Self-Employed,5.0,2,2,59.46,1.82,1,Tier-2,9839.42,1
APP101624,40918.5703,37.18584542,3813.699268,0.093202163,Salaried,8.8,1,0,55.38,1.29,0,Tier-1,8083.49,0
APP101625,51486.13032,33.55102974,3955.113351,0.076819006,Salaried,8.4,3,1,24.22,1.0,0,Tier-3,5498.28,0
APP101626,44896.25649,48.61068103,3787.639141,0.084364253,Salaried,20.9,3,0,53.47,1.0,3,Tier-2,2553.86,0
APP101627,24877.68441,29.82362039,1546.422886,0.062161046,Contract,4.9,3,1,43.6,1.0,2,Tier-3,5075.33,0
APP101628,52263.3555,34.29609224,10161.94667,0.194437318,Contract,11.3,2,0,24.67,2.9,1,Tier-3,5044.4,1
APP101629,42775.52551,39.22708316,6145.987757,0.143680006,Self-Employed,12.7,3,0,28.63,1.49,1,Tier-2,3677.96,0
APP101630,67064.01367,18.17604345,8945.289469,0.133384344,Self-Employed,0.1,0,1,25.12,1.81,2,Tier-2,13130.58,1
APP101631,50307.94468,51.91293237,7207.941173,0.143276399,Salaried,17.4,1,1,41.86,2.09,1,Tier-2,11814.92,0
APP101632,37432.68096,22.66916169,4445.502385,0.118759925,Salaried,1.6,1,0,19.92,1.81,2,Tier-3,8626.03,0
APP101633,30084.15883,18.45082514,737.2537244,0.024506377,Contract,0.3,1,2,63.01,1.0,1,Tier-3,1552.7,0
APP101634,61427.41464,20.10800883,2163.312487,0.035217378,Self-Employed,1.2,0,1,70.66,1.0,3,Tier-1,8337.32,0
APP101635,54718.85279,29.52485768,2883.284107,0.0526927,Salaried,2.0,1,0,31.16,1.0,2,Tier-1,2263.18,0
APP101636,47923.57551,57.21906913,6931.716435,0.144641053,Contract,13.6,4,0,37.14,2.01,1,Tier-1,11550.75,0
APP101637,22880.7276,18.42886766,1909.215139,0.083442064,Salaried,0.2,0,0,62.18,1.15,3,Tier-3,1590.27,0
APP101638,46118.5501,23.97400067,2728.311486,0.059158657,Salaried,1.1,3,3,25.0,1.0,1,Tier-3,3016.56,0
APP101639,35082.38569,41.15368948,2918.477721,0.08318926,Contract,3.8,1,0,37.56,1.0,0,Tier-2,7874.02,0
APP101640,38387.32228,30.0760336,6453.507839,0.168115603,Salaried,5.1,3,2,78.5,2.01,0,Tier-2,9312.98,1
APP101641,57413.57224,43.9119505,9421.298413,0.164095318,Self-Employed,9.1,1,2,18.06,1.86,2,Tier-3,10360.59,0
APP101642,28198.09734,62.43771619,4370.793619,0.15500314,Contract,18.4,3,3,42.46,2.38,3,Tier-1,1348.75,0
APP101643,50117.85704,32.82728384,3599.068821,0.071812105,Salaried,4.6,0,1,43.79,1.0,2,Tier-1,6602.87,0
APP101644,34876.33293,53.41569725,3102.347059,0.088952788,Self-Employed,8.8,1,0,31.77,1.38,2,Tier-2,7247.97,0
APP101645,64126.49168,19.29785353,4956.941565,0.077299435,Self-Employed,0.7,3,1,21.85,1.0,0,Tier-3,9726.05,0
APP101646,41916.69268,48.14870817,6106.109586,0.145672504,Salaried,13.8,2,0,41.68,2.29,0,Tier-3,2116.66,0
APP101647,50052.29293,27.4822349,5589.328271,0.111669775,Salaried,2.6,0,0,40.11,1.55,1,Tier-1,2979.82,0
APP101648,39158.91751,41.29678218,6887.738421,0.175891952,Self-Employed,8.0,2,1,4.42,2.57,3,Tier-1,8566.11,0
APP101649,62219.03754,19.5239827,5831.521429,0.093725677,Self-Employed,0.8,0,0,6.65,1.0,4,Tier-2,8786.37,0
APP101650,67151.31861,51.65509895,3941.698673,0.058698753,Salaried,6.5,1,0,28.34,1.0,0,Tier-3,12244.54,0
APP101651,46166.16313,25.99612062,901.7531177,0.019532772,Salaried,1.9,1,0,19.16,1.0,2,Tier-2,4884.58,0
APP101652,23881.78651,32.89370972,1190.630105,0.049855152,Contract,2.9,0,0,32.99,1.0,1,Tier-2,3402.48,0
APP101653,48445.11312,38.97956768,8733.442215,0.180274989,Salaried,13.4,1,0,50.49,2.34,0,Tier-1,11856.15,0
APP101654,32441.65201,58.70955658,840.7142066,0.025914655,Contract,24.5,1,1,36.56,1.0,1,Tier-3,3108.94,0
APP101655,33820.18651,61.05088434,4342.178111,0.128390129,Contract,25.9,0,0,71.2,1.07,2,Tier-1,5925.34,0
APP101656,61812.90135,52.96198773,3124.312409,0.050544665,Salaried,20.3,0,0,48.97,1.0,0,Tier-1,3688.76,0
APP101657,25347.57266,61.64539487,2188.503086,0.08633975,Salaried,24.1,0,1,60.7,1.08,3,Tier-3,1216.69,0
APP101658,33965.52371,43.91274646,3123.898738,0.091972636,Salaried,11.3,0,2,26.58,1.0,0,Tier-3,6801.16,0
APP101659,23641.70268,56.81360339,4203.50356,0.177800373,Self-Employed,20.8,2,0,21.55,2.13,0,Tier-2,5062.75,0
APP101660,50660.90425,52.16866404,7511.003494,0.148260352,Self-Employed,5.9,4,1,53.32,2.03,0,Tier-2,8800.39,0
APP101661,44037.24398,58.44050724,5269.518403,0.119660495,Self-Employed,21.1,1,0,45.85,1.01,3,Tier-1,2483.04,0
APP101662,51657.12396,35.41469759,609.3508858,0.011796067,Salaried,10.7,1,0,1.75,1.0,1,Tier-1,3891.6,0
APP101663,46573.24438,53.11079369,5533.292189,0.11880839,Salaried,15.8,1,1,40.68,1.5,2,Tier-1,10691.84,0
APP101664,26922.46222,44.15557121,3950.00079,0.146717665,Self-Employed,9.5,3,0,23.75,2.15,1,Tier-2,2326.15,0
APP101665,48414.25154,21.95358986,2105.709505,0.043493588,Salaried,1.3,0,1,63.86,1.0,1,Tier-1,10086.52,0
APP101666,43974.84053,47.43241103,8371.493105,0.190370062,Contract,15.8,0,1,19.82,2.79,2,Tier-3,3771.53,0
APP101667,65913.83201,22.7890518,12972.41836,0.196808742,Self-Employed,2.7,1,2,36.92,1.72,1,Tier-1,15560.7,1
APP101668,64715.99897,60.93941035,11173.80845,0.172659136,Salaried,28.9,0,0,35.06,1.94,2,Tier-2,14905.66,0
APP101669,25481.98791,48.36229289,4005.816148,0.15720187,Self-Employed,10.8,1,0,68.23,1.51,0,Tier-2,763.2,0
APP101670,54170.53261,37.44105072,1048.932372,0.019363523,Salaried,11.9,1,0,72.81,1.0,2,Tier-2,10682.17,0
APP101671,51653.70474,19.877512,1853.419156,0.035881631,Salaried,0.9,0,0,40.45,1.0,2,Tier-1,3046.34,0
APP101672,66054.50623,39.07713889,10321.0987,0.156251243,Self-Employed,14.3,4,2,31.54,1.28,3,Tier-3,4591.61,0
APP101673,60019.44714,19.38241478,6978.347128,0.116268101,Self-Employed,0.6,3,1,55.1,1.0,0,Tier-2,7548.31,0
APP101674,31523.95286,62.27492278,5697.021469,0.180720403,Salaried,20.4,2,1,51.5,1.87,2,Tier-2,4809.08,0
APP101675,65660.94854,22.19499034,93.15264188,0.001418692,Salaried,2.1,2,0,18.32,1.0,1,Tier-2,6233.45,0
APP101676,61893.48364,19.1799065,6038.162662,0.097557324,Salaried,0.7,0,0,41.7,1.27,1,Tier-1,9428.74,0
APP101677,49230.09821,47.84611477,8375.729867,0.170134332,Salaried,21.8,1,0,59.98,2.26,0,Tier-2,2916.95,0
APP101678,38337.82947,55.50695263,5691.09349,0.148445897,Contract,7.3,0,2,51.02,2.31,0,Tier-2,963.72,0
APP101679,64016.43339,44.27695019,10048.39421,0.156965855,Salaried,4.8,1,0,40.46,2.45,3,Tier-3,9690.91,0
APP101680,46308.64516,40.70646159,6815.485141,0.147175222,Contract,16.2,0,1,58.07,1.95,2,Tier-3,6437.16,0
APP101681,66209.14427,45.18819383,7134.656119,0.107759377,Self-Employed,12.7,1,1,33.05,1.0,1,Tier-1,11826.3,0
APP101682,47770.71142,33.94936609,5366.868793,0.112346428,Contract,8.3,1,1,26.54,1.22,3,Tier-1,8095.18,0
APP101683,29856.48632,18.05587449,4731.816864,0.15848539,Contract,0.0,0,1,83.86,1.92,0,Tier-1,6760.16,1
APP101684,21451.49729,52.18401962,1719.038044,0.08013604,Contract,7.0,0,0,76.51,1.0,2,Tier-3,2695.98,0
APP101685,59673.17045,57.28667146,7533.679839,0.126249029,Self-Employed,24.0,1,0,23.15,1.62,3,Tier-1,1308.33,0
APP101686,47481.42964,20.49522153,9402.876118,0.198032709,Contract,1.5,2,4,81.18,3.11,3,Tier-2,7836.82,1
APP101687,36219.77291,56.83890067,4280.794199,0.118189427,Salaried,13.1,1,0,36.59,1.78,1,Tier-2,6348.62,0
APP101688,59458.70434,56.43017456,1513.327637,0.025451743,Salaried,12.8,1,0,46.11,1.0,2,Tier-2,8320.88,0
APP101689,67010.84098,51.5222956,11646.91061,0.173806364,Self-Employed,21.9,3,0,56.21,1.76,1,Tier-1,11964.12,0
APP101690,58693.41942,27.17628489,4033.153519,0.0687156,Salaried,1.8,1,2,34.94,1.01,3,Tier-1,5542.08,0
APP101691,43041.04139,46.99845733,2245.505278,0.052171258,Self-Employed,19.7,2,2,34.13,1.0,1,Tier-2,2333.94,0
APP101692,31920.41272,52.15906047,217.1879621,0.006804046,Self-Employed,10.4,0,0,56.22,1.0,2,Tier-1,5517.36,0
APP101693,32771.12541,58.93258487,1853.68197,0.056564489,Self-Employed,20.7,1,0,59.78,1.0,0,Tier-1,2503.48,0
APP101694,55487.14713,32.10271948,178.6924716,0.00322043,Salaried,10.0,0,0,13.7,1.0,2,Tier-1,6933.27,0
APP101695,68406.80717,46.05627261,2491.460861,0.036421242,Salaried,15.6,0,1,14.69,1.0,1,Tier-2,9103.11,0
APP101696,37277.12306,28.35490842,4242.640648,0.113813522,Contract,4.1,3,0,8.64,1.09,2,Tier-1,4836.93,0
APP101697,39762.52658,25.66994986,3809.347155,0.095802442,Self-Employed,4.3,2,2,16.97,1.45,2,Tier-1,6268.3,0
APP101698,41674.24314,54.65833392,3203.204656,0.076862935,Contract,13.1,1,1,6.76,1.03,3,Tier-1,1115.8,0
APP101699,25789.74203,45.31621115,4442.33178,0.172251889,Contract,8.6,0,0,29.18,1.61,2,Tier-1,6386.24,0
APP101700,24575.05989,36.69002906,1667.748767,0.067863467,Contract,14.0,1,1,59.0,1.0,0,Tier-1,4540.28,0
APP101701,58082.3601,60.15632703,9175.667318,0.157976833,Salaried,25.3,1,1,13.12,2.2,3,Tier-1,6844.38,0
APP101702,67881.8805,53.26011154,10503.57125,0.154733062,Salaried,18.9,1,0,39.03,2.34,0,Tier-2,4344.84,0
APP101703,50115.0549,26.77897816,3447.002152,0.068781769,Contract,3.2,2,1,38.02,1.0,2,Tier-1,1926.46,0
APP101704,40443.20363,33.65929892,1857.252327,0.045922483,Contract,2.8,1,1,59.27,1.0,3,Tier-3,7061.54,0
APP101705,65824.83738,19.67324128,154.9456163,0.002353908,Salaried,0.3,0,2,10.6,1.0,0,Tier-1,6115.11,0
APP101706,51199.86984,22.40357681,4064.818093,0.07939118,Self-Employed,2.1,1,2,42.52,1.02,3,Tier-3,3726.33,0
APP101707,67032.28946,44.32616679,5487.820266,0.08186831,Salaried,16.0,0,1,20.33,1.09,2,Tier-3,7198.56,0
APP101708,42205.6829,23.43490545,2444.737196,0.057924361,Salaried,2.6,1,0,49.25,1.0,1,Tier-2,6599.8,0
APP101709,37730.36211,52.42988101,5273.559352,0.139769646,Contract,22.5,1,1,11.38,1.65,1,Tier-3,6583.65,0
APP101710,47398.31104,50.17342698,9041.878835,0.190763735,Salaried,5.5,2,0,31.31,2.89,1,Tier-1,7981.36,0
APP101711,48933.20969,50.06578295,5071.371891,0.103638652,Self-Employed,11.9,2,1,46.37,1.36,4,Tier-1,10694.41,0
APP101712,53078.85583,49.17618969,10566.35387,0.199068983,Self-Employed,9.1,1,0,52.16,2.38,0,Tier-1,3732.2,0
APP101713,53236.993,57.93261219,703.6021978,0.013216415,Self-Employed,16.7,0,0,17.58,1.0,1,Tier-1,8861.38,0
APP101714,58121.95469,58.36380871,5161.107409,0.088797898,Salaried,7.8,2,1,64.36,1.0,0,Tier-1,2514.14,0
APP101715,57261.15139,40.23255914,2527.755923,0.044144343,Self-Employed,16.1,0,1,33.22,1.0,0,Tier-2,8361.56,0
APP101716,52102.5909,19.37246483,8799.819842,0.168894093,Salaried,0.4,0,0,14.81,2.64,2,Tier-1,8039.97,1
APP101717,45165.92595,37.90000438,5534.550798,0.12253819,Salaried,14.0,0,0,34.45,1.73,1,Tier-1,3149.63,0
APP101718,58809.29247,37.45918855,5470.587846,0.093022507,Self-Employed,7.9,0,1,54.9,1.46,4,Tier-1,6474.28,0
APP101719,36598.34047,41.96212964,6849.29481,0.187147688,Contract,17.8,3,4,27.68,1.55,1,Tier-2,7694.96,0
APP101720,62096.28261,25.02343215,8034.747774,0.129391768,Salaried,3.4,1,1,22.76,1.74,1,Tier-3,3361.53,1
APP101721,68114.07098,47.19519398,4325.099268,0.063497882,Salaried,20.7,4,2,61.97,1.0,0,Tier-2,8169.36,0
APP101722,67978.46685,23.45665138,7382.502551,0.108600604,Salaried,0.8,0,1,59.01,1.55,4,Tier-2,15942.9,0
APP101723,26615.5243,53.35032216,3458.193614,0.129931448,Contract,21.2,1,2,55.1,1.44,0,Tier-1,3618.25,0
APP101724,51254.37001,50.6494071,8747.208629,0.170662689,Salaried,22.6,2,0,46.68,1.5,1,Tier-3,9573.33,0
APP101725,34428.97264,27.3684103,6016.615091,0.174754418,Self-Employed,2.2,0,2,61.08,2.19,1,Tier-1,7236.25,1
APP101726,60974.58714,33.89574856,6165.65882,0.1011185,Salaried,3.3,0,1,55.72,1.04,1,Tier-3,4077.26,0
APP101727,63330.73455,30.23024362,5170.899852,0.081649137,Self-Employed,5.0,0,1,22.96,1.08,2,Tier-1,4445.18,0
APP101728,58168.47407,27.47152114,2935.367657,0.050463205,Self-Employed,6.7,0,0,58.45,1.0,2,Tier-1,11312.37,0
APP101729,59579.60921,51.1302136,2319.362857,0.038928803,Salaried,15.8,0,0,44.51,1.0,0,Tier-3,11514.39,0
APP101730,52219.8955,47.67986773,6560.469542,0.12563161,Salaried,13.8,0,1,24.89,2.0,1,Tier-3,1767.23,0
APP101731,28700.87259,28.79704182,5090.310491,0.177357343,Contract,2.5,0,2,61.55,1.97,2,Tier-2,2702.89,1
APP101732,27193.74305,21.40959607,4518.858351,0.166172724,Self-Employed,0.5,2,0,77.95,1.95,1,Tier-1,3036.52,1
APP101733,67417.571,29.91098356,6478.402532,0.096093681,Salaried,7.6,3,2,6.56,1.39,0,Tier-2,14203.49,0
APP101734,57341.43277,23.47849796,784.8948568,0.013688093,Salaried,1.1,1,0,53.94,1.0,1,Tier-1,6710.57,0
APP101735,64056.53612,48.86906318,5982.805039,0.093398822,Self-Employed,16.4,4,0,36.01,1.0,0,Tier-1,14922.84,0
APP101736,66370.69351,38.40550487,5906.034309,0.088985575,Salaried,14.3,2,1,42.89,1.31,0,Tier-1,16540.89,0
APP101737,45045.43165,58.62369495,8489.405985,0.188463195,Contract,11.2,0,0,16.0,1.59,1,Tier-2,8989.58,0
APP101738,58609.13148,22.09757985,4270.532996,0.072864635,Salaried,2.3,1,1,19.26,1.0,1,Tier-2,10155.14,0
APP101739,53289.06797,32.30020689,7395.513416,0.138781061,Salaried,2.8,2,2,5.89,1.22,0,Tier-1,5869.06,1
APP101740,60309.32883,34.37905483,2343.073833,0.038850935,Self-Employed,8.4,1,1,5.7,1.0,2,Tier-3,2136.1,0
APP101741,45139.48639,19.61720917,1743.691464,0.038628961,Contract,0.4,1,1,64.19,1.0,4,Tier-1,6853.16,0
APP101742,22815.64061,61.72656548,2749.079844,0.120491021,Salaried,25.9,1,0,76.08,1.02,4,Tier-1,2354.39,0
APP101743,45215.01469,27.83884812,383.8501673,0.00848944,Salaried,3.3,2,1,70.93,1.0,3,Tier-2,4553.45,0
APP101744,40568.07518,35.94146628,5990.318608,0.147660903,Salaried,7.7,1,0,18.26,1.48,0,Tier-3,7228.14,0
APP101745,43721.25181,55.12770834,5923.392464,0.135480852,Salaried,18.9,0,2,78.76,1.22,0,Tier-3,5536.73,0
APP101746,38129.75487,19.08440959,3964.729278,0.103979931,Self-Employed,0.3,0,1,82.88,1.38,3,Tier-2,7358.34,0
APP101747,22547.96164,57.62641276,2957.295712,0.13115579,Salaried,23.6,2,0,66.31,1.29,0,Tier-1,2515.9,0
APP101748,57468.05944,62.265046,8452.955624,0.14708963,Self-Employed,14.7,0,0,9.99,1.2,0,Tier-3,3143.42,0
APP101749,25534.67352,37.87175619,1084.966942,0.042489948,Self-Employed,10.9,0,0,85.81,1.0,1,Tier-3,3220.18,0
APP101750,26325.50339,56.35027775,3336.131472,0.126726218,Contract,9.4,1,0,57.82,1.33,0,Tier-1,6284.76,0
APP101751,65913.83084,36.47775765,11738.91571,0.178094879,Salaried,10.4,1,1,46.92,1.88,3,Tier-2,13469.54,0
APP101752,67119.13596,18.05518851,2725.240313,0.04060303,Salaried,0.0,0,0,45.5,1.0,2,Tier-2,4518.62,0
APP101753,62020.46813,56.65353651,114.2098881,0.001841487,Salaried,15.7,2,0,42.2,1.0,2,Tier-2,6822.2,0
APP101754,37965.84934,27.8285796,299.0547059,0.00787694,Salaried,2.9,2,2,26.7,1.0,2,Tier-3,8860.93,0
APP101755,62114.85602,30.74947746,12115.89231,0.195056273,Self-Employed,7.6,2,1,52.95,3.02,0,Tier-1,3009.51,1
APP101756,36871.06176,46.03436164,792.7110544,0.021499545,Salaried,8.6,0,1,49.8,1.0,2,Tier-2,2891.01,0
APP101757,65030.90935,36.70069066,2231.976166,0.034321774,Salaried,12.7,2,0,43.47,1.0,1,Tier-1,5222.71,0
APP101758,23193.6046,41.93605652,548.5961163,0.023652905,Contract,16.4,2,2,16.46,1.0,2,Tier-2,3509.53,0
APP101759,59568.62432,40.55891909,7685.326744,0.129016354,Salaried,6.0,2,1,68.53,1.81,0,Tier-3,6818.74,0
APP101760,50527.58417,26.65296268,5639.245689,0.111607269,Salaried,4.5,0,1,41.33,1.02,2,Tier-1,1938.76,0
APP101761,60776.11021,34.20694181,10382.43968,0.170830934,Self-Employed,3.3,0,0,3.25,2.04,4,Tier-1,10010.54,1
APP101762,61632.28271,34.43080878,3028.591328,0.049139691,Salaried,6.3,4,1,17.35,1.0,0,Tier-3,2637.12,0
APP101763,45930.45265,49.99133072,7765.252827,0.169065454,Salaried,18.5,3,0,72.52,2.24,0,Tier-2,7324.78,0
APP101764,25857.76559,41.75835442,1810.232339,0.070007299,Salaried,13.0,0,0,71.72,1.07,0,Tier-2,3532.48,0
APP101765,55093.92123,55.17608333,6485.30159,0.11771356,Salaried,19.5,4,1,34.75,1.83,1,Tier-1,7357.45,0
APP101766,42301.33448,19.50343568,1480.61489,0.035001612,Self-Employed,0.5,1,1,46.76,1.0,0,Tier-2,1502.72,0
APP101767,51903.53425,59.76266204,8807.867971,0.169696883,Salaried,15.7,3,0,16.26,1.71,2,Tier-3,8668.96,0
APP101768,64398.14616,35.5975403,1674.905633,0.0260086,Salaried,3.7,3,0,65.04,1.0,1,Tier-3,7676.49,0
APP101769,41089.51083,57.62741738,997.1841685,0.024268582,Salaried,23.0,0,0,11.96,1.0,1,Tier-1,4706.98,0
APP101770,36727.5509,24.59731819,794.5568182,0.021633809,Self-Employed,3.0,0,1,72.15,1.0,2,Tier-2,5772.98,0
APP101771,38163.39454,63.25165246,454.3076768,0.011904278,Contract,26.0,1,0,49.68,1.0,1,Tier-1,6084.66,0
APP101772,35949.89641,56.7387456,3680.177028,0.102369614,Contract,11.6,2,0,46.59,1.31,1,Tier-1,843.3,0
APP101773,44979.80219,32.5319016,6045.089487,0.134395644,Self-Employed,5.0,4,2,55.11,2.12,2,Tier-2,2195.1,1
APP101774,48211.58184,30.55734418,2606.124698,0.054055988,Self-Employed,4.4,2,1,24.33,1.0,2,Tier-1,3586.9,0
APP101775,28267.08995,54.6462767,965.3732272,0.034151843,Contract,6.1,0,1,32.8,1.0,0,Tier-1,4973.16,0
APP101776,33816.22334,60.24819138,5265.743252,0.15571648,Self-Employed,15.0,0,0,8.15,1.92,0,Tier-2,5162.06,0
APP101777,33078.99598,36.32719969,6278.316279,0.189797667,Contract,11.6,0,3,25.43,2.75,0,Tier-2,6425.75,0
APP101778,36019.8172,42.84566569,2987.962123,0.082953284,Salaried,17.1,1,0,67.06,1.07,1,Tier-3,6856.0,0
APP101779,34238.53029,63.43418801,6002.93511,0.175326892,Contract,20.9,0,0,34.9,2.31,0,Tier-2,7403.47,0
APP101780,62064.52068,22.82585726,2972.381023,0.047891791,Salaried,2.0,0,1,14.16,1.0,2,Tier-2,6620.26,0
APP101781,44867.61524,55.81275256,366.1011044,0.008159585,Salaried,6.4,1,1,20.41,1.0,3,Tier-1,4458.26,0
APP101782,37162.88822,28.87660671,3110.531147,0.08369993,Salaried,7.4,1,2,33.62,1.0,0,Tier-1,7846.33,0
APP101783,65680.94802,62.77942662,8838.231305,0.13456309,Salaried,7.1,0,0,63.25,1.82,1,Tier-2,4902.97,0
APP101784,58772.85748,46.50503835,7048.005343,0.119919392,Salaried,20.4,1,1,50.0,1.59,1,Tier-1,7409.47,0
APP101785,32435.24811,43.06626362,5685.405228,0.175284777,Salaried,11.1,1,1,39.82,1.42,1,Tier-3,2098.4,0
APP101786,58028.2132,50.09548172,5753.895027,0.099156853,Salaried,11.4,2,0,41.43,1.16,2,Tier-2,13357.13,0
APP101787,60595.27533,62.22070887,4534.490222,0.074832406,Salaried,31.2,0,1,35.25,1.04,3,Tier-1,6895.42,0
APP101788,36565.80389,19.89940228,1888.334736,0.051642095,Salaried,0.3,2,1,29.89,1.0,0,Tier-2,2518.36,0
APP101789,20742.69697,61.59842116,2295.818094,0.11068079,Contract,21.7,3,1,39.03,1.58,0,Tier-3,3716.33,0
APP101790,46666.63801,18.74557575,7677.823856,0.164524898,Salaried,0.4,1,0,31.46,1.91,2,Tier-1,3559.18,1
APP101791,32203.56694,61.16757056,838.0214411,0.026022628,Self-Employed,12.2,2,0,20.49,1.0,1,Tier-1,7632.43,0
APP101792,36535.31539,29.87489182,271.7251877,0.00743733,Salaried,4.8,5,1,17.03,1.0,0,Tier-3,3819.84,0
APP101793,28163.29507,58.00352914,2121.151956,0.075316186,Salaried,21.7,2,1,58.05,1.0,0,Tier-1,4868.51,0
APP101794,39019.35774,31.79270886,3196.559769,0.081922409,Salaried,8.1,0,2,40.86,1.0,1,Tier-1,3878.77,0
APP101795,24709.08325,54.74520391,1915.385594,0.077517469,Salaried,5.5,1,0,30.18,1.0,1,Tier-1,5081.83,0
APP101796,43052.96856,31.52685355,488.9372735,0.011356645,Self-Employed,9.6,1,0,44.47,1.0,4,Tier-2,9742.55,0
APP101797,25003.91611,53.41157775,2183.713426,0.087334857,Salaried,8.8,0,0,46.84,1.0,1,Tier-2,5031.32,0
APP101798,46696.89266,34.199782,4732.498144,0.101345033,Salaried,4.7,1,0,43.6,1.36,0,Tier-2,10047.06,0
APP101799,50112.4622,41.30463745,5067.032925,0.10111323,Self-Employed,7.2,2,1,84.59,1.11,2,Tier-3,2176.51,0
APP101800,43265.90032,44.74331012,6194.07205,0.143162907,Salaried,4.6,0,2,93.15,1.87,0,Tier-2,10060.83,0
APP101801,67802.69446,49.03798708,13443.47318,0.198273436,Self-Employed,6.9,1,1,42.5,2.82,1,Tier-3,11091.79,0
APP101802,55408.70595,43.32280682,10300.28125,0.185896441,Salaried,18.8,2,1,4.65,2.62,1,Tier-2,12185.48,0
APP101803,67048.893,55.05304129,10839.91376,0.161671778,Salaried,12.6,1,2,44.78,1.78,1,Tier-1,11895.85,0
APP101804,40262.59764,51.79885818,6535.85195,0.162330608,Salaried,7.4,0,1,44.5,2.04,2,Tier-3,2674.44,0
APP101805,46427.49918,61.84653541,5671.45056,0.122157141,Contract,9.4,0,0,36.07,1.42,0,Tier-1,7437.58,0
APP101806,46911.1971,23.43098081,4263.853588,0.090892023,Salaried,3.2,3,1,35.8,1.36,3,Tier-3,1919.5,0
APP101807,57359.55243,34.79526286,10011.41068,0.17453781,Salaried,11.1,1,1,12.62,2.62,2,Tier-1,10325.65,1
APP101808,34569.30464,63.64065153,6254.527617,0.180927204,Self-Employed,13.9,2,1,22.48,1.94,1,Tier-2,3943.33,0
APP101809,52797.40104,21.12701044,1080.42349,0.020463573,Salaried,0.5,0,1,49.35,1.0,0,Tier-3,2898.5,0
APP101810,56630.39526,57.97316146,8442.891373,0.149087629,Salaried,11.3,5,0,80.29,1.39,0,Tier-1,13887.07,0
APP101811,45245.73975,35.82444267,1974.009904,0.043628636,Salaried,3.3,3,0,31.94,1.0,1,Tier-1,10282.07,0
APP101812,20803.61454,61.89225017,758.4348491,0.036456879,Salaried,9.3,0,0,60.3,1.0,1,Tier-1,4691.53,0
APP101813,57717.60679,48.79781292,3153.222829,0.054631905,Salaried,12.6,1,0,32.76,1.0,0,Tier-2,11625.98,0
APP101814,20647.88765,20.32164556,725.4568686,0.035134677,Contract,0.7,1,0,47.99,1.0,3,Tier-1,3699.19,0
APP101815,59046.45715,36.82711952,8237.046829,0.139501119,Self-Employed,8.7,1,0,59.29,1.86,0,Tier-2,10077.36,0
APP101816,62662.25883,25.29886488,1965.921357,0.031373292,Salaried,2.2,0,1,49.72,1.0,0,Tier-1,2782.3,0
APP101817,33614.49461,46.47308182,4837.787511,0.143919686,Self-Employed,20.3,1,1,73.87,1.9,0,Tier-1,7634.87,0
APP101818,48765.12887,50.07041654,5183.859126,0.106302582,Contract,22.2,1,0,43.14,1.0,0,Tier-2,10858.02,0
APP101819,57240.75694,41.57139076,313.6279418,0.005479102,Salaried,11.6,1,0,37.51,1.0,3,Tier-2,10990.57,0
APP101820,49973.66646,43.91861469,363.899917,0.007281833,Salaried,9.4,1,1,26.52,1.0,2,Tier-1,11657.98,0
APP101821,41255.93969,45.58326501,5296.907773,0.128391398,Salaried,10.4,1,1,49.28,1.92,0,Tier-2,6073.25,0
APP101822,61129.72316,35.10917797,11302.76769,0.184898068,Salaried,6.8,0,0,29.85,2.0,3,Tier-3,7516.37,0
APP101823,48938.58344,59.70792423,3028.834619,0.061890525,Salaried,24.5,1,1,22.05,1.0,2,Tier-1,11873.87,0
APP101824,68648.2414,27.92001002,9425.707309,0.137304425,Salaried,4.2,2,0,6.63,1.76,2,Tier-1,8701.18,1
APP101825,41250.82854,39.07818304,7651.577272,0.185489057,Salaried,14.0,0,2,47.96,2.26,3,Tier-2,6909.7,0
APP101826,22415.65476,40.68729838,4371.715441,0.195029567,Self-Employed,16.3,2,1,30.12,2.68,2,Tier-1,2371.67,0
APP101827,24112.49939,35.97133752,3285.499948,0.136257129,Contract,6.3,0,1,50.88,1.13,1,Tier-1,4011.24,0
APP101828,41692.60518,62.12124981,1708.712503,0.040983587,Contract,21.5,1,1,70.78,1.0,1,Tier-2,7739.1,0
APP101829,23516.7277,27.36269519,559.9053229,0.023808811,Self-Employed,1.9,1,0,50.85,1.0,0,Tier-1,3849.0,0
APP101830,53812.22648,44.91915229,3245.041667,0.060303055,Self-Employed,7.3,1,1,15.72,1.0,1,Tier-1,7444.89,0
APP101831,29750.2948,45.54445543,3627.987077,0.121947937,Self-Employed,11.0,1,1,59.77,1.62,3,Tier-3,2648.53,0
APP101832,22633.67692,37.59693031,553.5208586,0.024455631,Salaried,5.4,1,1,46.08,1.0,2,Tier-1,3804.37,0
APP101833,28713.83052,54.70084552,1936.813257,0.067452277,Contract,24.8,0,1,30.05,1.0,3,Tier-3,6573.71,0
APP101834,63321.90927,19.48791488,8092.98278,0.127806992,Self-Employed,0.4,3,1,71.99,1.74,1,Tier-1,1367.11,1
APP101835,35276.58799,28.57213319,6820.315404,0.193338296,Self-Employed,4.5,4,3,37.22,2.55,2,Tier-3,1792.18,1
APP101836,35914.60931,60.80509128,520.9960335,0.014506521,Salaried,22.0,2,0,28.66,1.0,2,Tier-2,1707.66,0
APP101837,31568.14432,63.86398451,5067.410013,0.160522898,Contract,25.9,1,1,65.08,2.03,2,Tier-1,7334.45,0
APP101838,39934.06749,31.60796663,184.7443024,0.004626233,Contract,5.2,1,0,38.98,1.0,2,Tier-2,6885.91,0
APP101839,48614.84968,61.30129349,5984.950784,0.123109519,Self-Employed,29.1,0,1,36.89,1.23,0,Tier-3,11614.64,0
APP101840,29838.12481,25.89508406,5913.649556,0.198191059,Contract,3.9,1,0,31.25,2.31,0,Tier-1,4596.48,1
APP101841,57745.35888,36.72961032,5540.464047,0.095946482,Salaried,7.7,3,1,79.12,1.0,4,Tier-2,7287.38,0
APP101842,44447.5293,32.71813418,2714.403108,0.061069831,Salaried,2.8,2,0,8.85,1.0,0,Tier-2,8989.02,0
APP101843,51768.00534,30.54451147,6632.036203,0.128110715,Salaried,5.4,1,0,62.32,1.19,1,Tier-2,2951.64,1
APP101844,34891.14044,55.04893523,6152.314492,0.176328845,Salaried,23.8,2,3,48.16,2.51,1,Tier-2,3758.05,0
APP101845,45382.8079,42.51634459,2742.454975,0.060429381,Self-Employed,12.7,2,3,56.96,1.0,1,Tier-1,5774.65,0
APP101846,40719.49032,22.9269144,6415.086244,0.157543383,Contract,3.2,2,0,15.77,2.51,2,Tier-1,3609.6,1
APP101847,55145.78501,57.88245864,8968.678877,0.1626358,Salaried,17.8,2,0,59.99,1.86,2,Tier-2,5812.13,0
APP101848,48752.42408,30.76336091,8934.785761,0.183268544,Self-Employed,2.8,2,0,43.89,2.75,3,Tier-3,1850.85,1
APP101849,55763.42742,30.58544797,7913.837734,0.141918065,Salaried,2.0,3,0,27.85,2.22,1,Tier-1,3654.52,1
APP101850,36431.16141,46.45279704,6783.361363,0.186196682,Contract,9.4,1,3,74.62,1.75,1,Tier-2,3539.81,0
APP101851,40522.82828,63.88714083,7720.780489,0.190529161,Salaried,26.1,3,0,38.07,2.26,3,Tier-1,8228.35,0
APP101852,42465.66975,58.01657008,7314.976322,0.172256233,Self-Employed,25.0,2,0,63.7,1.46,4,Tier-2,2631.78,0
APP101853,38561.94404,45.87983104,4831.111171,0.125281837,Contract,9.1,3,0,47.09,1.62,4,Tier-2,3845.68,0
APP101854,54957.44967,59.50636724,6976.463275,0.126942995,Self-Employed,18.6,3,0,13.71,1.61,2,Tier-2,1919.76,0
APP101855,24822.06984,29.02037885,2361.166802,0.095123687,Salaried,4.4,2,1,56.92,1.0,0,Tier-3,3676.99,0
APP101856,25252.48774,23.78830375,434.8674516,0.017220777,Contract,2.3,1,1,50.38,1.0,0,Tier-1,4055.24,0
APP101857,25671.74258,18.74645599,2272.14762,0.088507728,Contract,0.2,0,1,22.72,1.0,3,Tier-1,5623.88,0
APP101858,60672.14559,43.05590862,6279.687007,0.103501977,Self-Employed,5.8,3,0,30.08,1.5,3,Tier-3,12643.87,0
APP101859,60729.94924,40.77350178,5006.850087,0.082444496,Self-Employed,6.1,1,2,6.26,1.0,2,Tier-1,5200.73,0
APP101860,40240.72756,26.95900532,7498.630447,0.186344306,Contract,1.6,3,1,52.49,2.47,0,Tier-2,2072.37,1
APP101861,57513.81746,33.09201951,6921.491029,0.120344838,Salaried,4.1,0,2,26.18,1.04,2,Tier-2,3214.97,1
APP101862,64287.39763,45.88390644,6301.594778,0.098022241,Salaried,4.3,0,0,19.54,1.0,1,Tier-2,15612.95,0
APP101863,48428.03365,33.93239331,7718.479795,0.159380409,Salaried,8.4,1,1,43.96,2.2,1,Tier-1,8467.25,1
APP101864,55313.83225,25.21256484,9733.113189,0.17596165,Self-Employed,2.5,2,1,33.35,1.8,1,Tier-1,1647.87,1
APP101865,27045.39957,50.22120054,2503.7884,0.092577238,Contract,23.6,0,1,29.61,1.12,3,Tier-2,1391.74,0
APP101866,58216.07198,27.40448065,9581.833306,0.164590859,Salaried,2.5,1,0,17.94,2.52,0,Tier-1,7669.04,1
APP101867,34722.96483,22.22338695,4073.411901,0.117311754,Contract,1.5,2,0,26.81,1.0,1,Tier-2,2354.24,0
APP101868,58503.77101,42.37251293,7050.432526,0.120512446,Salaried,8.9,0,2,22.05,1.75,1,Tier-2,11984.0,0
APP101869,55299.78724,62.19314775,8052.381283,0.145613242,Self-Employed,6.9,3,1,6.6,1.24,2,Tier-1,8396.72,0
APP101870,49501.90592,50.78811185,2226.81958,0.044984522,Salaried,21.4,0,0,31.76,1.0,1,Tier-1,7965.12,0
APP101871,61765.70904,59.95587347,3649.643103,0.0590885,Salaried,7.1,2,1,34.89,1.0,3,Tier-3,7810.27,0
APP101872,48430.99367,18.50809359,6069.649094,0.125325719,Salaried,0.4,2,0,58.82,2.0,0,Tier-2,3820.94,1
APP101873,66366.95742,41.57616997,465.0115658,0.007006673,Self-Employed,16.2,0,0,26.73,1.0,0,Tier-2,10324.23,0
APP101874,55320.78001,29.41721633,5990.716973,0.108290537,Self-Employed,5.4,0,0,27.36,1.64,2,Tier-3,10228.98,0
APP101875,48774.28816,62.84084913,3728.483342,0.076443624,Salaried,21.4,0,0,75.55,1.22,1,Tier-2,5136.81,0
APP101876,61679.95316,24.1914258,3060.030168,0.049611422,Salaried,3.4,1,5,32.73,1.0,0,Tier-3,8396.93,0
APP101877,61485.1796,60.18819954,3211.670281,0.052234869,Salaried,16.1,2,0,33.46,1.0,1,Tier-1,13104.17,0
APP101878,24402.44017,52.02759737,101.2185381,0.004147886,Contract,18.3,1,1,36.59,1.0,2,Tier-3,1322.53,0
APP101879,21258.90278,54.22456338,706.6197387,0.033238768,Self-Employed,6.4,2,0,31.17,1.0,0,Tier-1,3091.08,0
APP101880,48763.68054,28.0602953,8172.052504,0.167584817,Self-Employed,1.8,3,0,42.38,1.56,0,Tier-3,4882.95,1
APP101881,24406.89381,37.9053185,1733.403111,0.071021045,Self-Employed,8.4,1,1,34.53,1.0,2,Tier-3,4433.34,0
APP101882,61693.58631,25.68422605,1568.863689,0.025429932,Salaried,3.7,2,0,33.25,1.0,1,Tier-1,1500.78,0
APP101883,22748.03304,26.94071725,108.6299113,0.004775354,Salaried,6.1,1,0,23.22,1.0,0,Tier-1,3962.91,0
APP101884,21479.94672,24.3142805,1098.073365,0.051120861,Self-Employed,1.3,0,2,56.99,1.0,0,Tier-2,937.95,0
APP101885,51286.6564,45.85982714,1134.234384,0.022115585,Contract,17.9,0,0,16.52,1.0,2,Tier-1,1789.73,0
APP101886,27153.66392,48.81803283,3177.517372,0.117019839,Self-Employed,8.5,0,0,41.58,1.8,0,Tier-2,5068.59,0
APP101887,36370.49398,39.67078913,2855.2161,0.078503638,Salaried,8.4,1,1,66.56,1.0,3,Tier-1,6084.01,0
APP101888,32400.54496,61.67923932,3591.797505,0.110856083,Salaried,14.8,1,2,91.31,1.54,2,Tier-3,7317.19,0
APP101889,60434.16443,63.21861647,2474.248112,0.040941215,Self-Employed,17.6,3,1,41.77,1.0,1,Tier-1,8431.81,0
APP101890,57303.47976,52.15536585,10491.63215,0.183088919,Salaried,8.2,0,0,0.32,2.69,3,Tier-2,8131.69,0
APP101891,42994.68224,36.42561073,4453.824617,0.103590128,Self-Employed,8.3,2,1,54.02,1.58,1,Tier-1,7851.44,0
APP101892,68339.80794,23.36532355,2505.868398,0.036667771,Self-Employed,3.4,0,0,66.52,1.0,0,Tier-1,6450.01,0
APP101893,49292.30314,20.62232701,967.1345882,0.019620398,Salaried,1.1,0,0,53.95,1.0,2,Tier-1,1404.33,0
APP101894,57802.4297,43.04172886,6796.590935,0.117583136,Salaried,11.1,1,0,57.93,1.39,1,Tier-2,4214.41,0
APP101895,50779.38079,39.43591481,6859.836596,0.135090986,Contract,14.1,1,0,22.85,1.4,1,Tier-1,3795.41,0
APP101896,35993.98976,53.93902055,93.89580488,0.002608652,Salaried,20.6,1,0,39.67,1.0,1,Tier-3,3498.67,0
APP101897,21771.12934,33.68777873,350.4455484,0.016096802,Contract,7.0,0,1,40.57,1.0,1,Tier-1,5159.68,0
APP101898,61414.80126,56.88918916,9743.609259,0.158652459,Salaried,11.8,0,1,30.93,1.54,0,Tier-3,12597.03,0
APP101899,35784.66349,46.54787028,110.2028905,0.003079612,Self-Employed,19.4,0,0,42.46,1.0,2,Tier-2,8419.06,0
APP101900,24791.1867,39.64327145,4844.680983,0.195419487,Self-Employed,10.7,1,0,13.29,2.79,2,Tier-2,6189.87,0
APP101901,49048.75736,52.05179371,6363.113668,0.129730375,Salaried,9.6,1,0,62.93,1.71,1,Tier-1,5874.53,0
APP101902,69852.05872,62.20231314,9246.265058,0.132369256,Self-Employed,13.8,1,2,60.01,1.4,1,Tier-2,5045.2,0
APP101903,21217.74746,21.36568696,2690.768134,0.126816861,Contract,2.1,1,0,19.08,1.69,1,Tier-2,3157.22,1
APP101904,48031.06741,43.67016376,7826.325909,0.162942994,Contract,4.5,3,2,30.43,2.3,0,Tier-1,10694.64,0
APP101905,64072.31322,61.15839923,2426.008622,0.037863603,Salaried,32.2,1,0,55.21,1.0,0,Tier-1,8144.77,0
APP101906,56689.4639,41.00340032,5740.591698,0.101263821,Self-Employed,5.2,0,0,12.84,1.0,0,Tier-1,7723.48,0
APP101907,45769.25952,55.82719728,8236.476519,0.179956517,Salaried,23.7,3,2,10.76,1.44,1,Tier-1,2330.62,0
APP101908,35020.48877,24.99191048,6832.803042,0.195108729,Contract,2.7,2,1,46.65,2.81,1,Tier-1,4087.06,1
APP101909,56751.92851,59.20442489,7877.330041,0.138802861,Salaried,18.3,2,1,31.67,2.02,2,Tier-1,6186.46,0
APP101910,27363.6318,44.38642089,3215.263093,0.117501329,Contract,17.9,1,0,66.09,1.6,1,Tier-2,2760.67,0
APP101911,48455.71741,27.47626829,1780.507334,0.036745041,Salaried,3.8,2,1,22.48,1.0,4,Tier-1,10857.89,0
APP101912,21424.09133,36.91843838,1795.223958,0.083794637,Self-Employed,8.9,1,1,51.54,1.06,3,Tier-1,720.69,0
APP101913,69992.33271,41.77123143,52.87219028,0.0007554,Salaried,4.3,1,1,46.63,1.0,4,Tier-1,17049.7,0
APP101914,68110.23995,32.17157472,11029.66771,0.161938465,Salaried,2.1,2,0,20.22,1.8,3,Tier-2,1491.39,1
APP101915,48015.55474,28.2417962,54.00824238,0.001124807,Salaried,3.0,1,2,47.55,1.0,2,Tier-1,11403.05,0
APP101916,23102.21779,35.76168337,1779.574528,0.077030463,Salaried,9.9,0,0,33.26,1.0,2,Tier-2,3374.1,0
APP101917,46134.85414,54.86544593,8716.611259,0.188937657,Salaried,8.2,1,0,49.05,2.76,0,Tier-2,8376.36,0
APP101918,48547.96138,56.64147426,1940.870699,0.039978418,Self-Employed,8.4,0,2,48.43,1.0,2,Tier-2,3060.49,0
APP101919,26095.02691,58.10209089,5143.490416,0.197106155,Self-Employed,15.9,1,0,24.04,2.52,2,Tier-1,4448.38,0
APP101920,64057.84479,59.85843482,5774.281958,0.090141683,Salaried,22.5,1,0,55.81,1.18,1,Tier-2,14275.31,0
APP101921,24454.19062,52.39086216,864.9687379,0.035370982,Salaried,19.9,0,0,31.87,1.0,2,Tier-1,1273.58,0
APP101922,40506.94401,52.24151412,5961.531816,0.147173083,Contract,8.8,2,2,36.16,1.94,1,Tier-3,1994.11,0
APP101923,43421.04574,27.21744021,4705.757083,0.108375029,Salaried,1.8,0,0,44.73,1.41,1,Tier-2,3904.2,0
APP101924,55881.5418,33.30668529,8383.074165,0.150015084,Self-Employed,10.9,4,1,38.16,1.36,1,Tier-2,3196.25,1
APP101925,45917.60069,45.15712066,8253.273858,0.179740965,Salaried,8.3,1,2,18.24,1.78,2,Tier-3,2086.89,0
APP101926,52901.90954,60.26135933,729.3773772,0.013787354,Self-Employed,28.0,1,0,47.66,1.0,3,Tier-2,9311.44,0
APP101927,41183.82466,56.03236488,7606.993239,0.184708276,Self-Employed,25.4,1,1,41.0,1.5,3,Tier-1,2849.1,0
APP101928,25379.91548,24.92908735,4693.111697,0.184914394,Self-Employed,4.3,0,0,46.01,2.42,2,Tier-1,4401.22,1
APP101929,27514.08847,36.27868438,192.1446105,0.006983499,Salaried,4.6,0,3,64.46,1.0,0,Tier-2,6004.78,0
APP101930,44241.283,19.98253883,8733.179295,0.197398871,Contract,1.3,2,0,40.84,1.96,3,Tier-3,7519.5,1
APP101931,29076.33771,41.2224627,286.2644342,0.009845271,Contract,14.2,0,0,39.75,1.0,0,Tier-3,1379.8,0
APP101932,60536.91287,32.32617541,3132.551831,0.051746144,Salaried,7.3,0,0,37.01,1.0,3,Tier-2,9196.94,0
APP101933,47881.956,38.09981235,5575.635648,0.116445444,Salaried,7.1,1,1,70.08,1.17,0,Tier-1,5292.61,0
APP101934,49144.37106,51.89382023,1633.03578,0.033229356,Salaried,10.4,2,1,33.87,1.0,1,Tier-2,4864.08,0
APP101935,33707.80104,59.91764355,321.5789312,0.009540193,Self-Employed,9.4,0,0,47.1,1.0,2,Tier-2,3143.66,0
APP101936,46442.28279,28.84595832,1484.561548,0.031965732,Salaried,4.9,2,1,0.63,1.0,2,Tier-1,10856.79,0
APP101937,25602.95725,28.4463766,2214.922493,0.086510416,Contract,5.2,1,0,5.57,1.13,1,Tier-2,4884.45,0
APP101938,61236.39608,36.00169172,6562.903837,0.107173254,Salaried,6.6,1,0,67.75,1.0,2,Tier-2,3109.9,0
APP101939,48187.34788,55.53300959,2003.41185,0.041575474,Salaried,16.3,0,0,21.99,1.0,1,Tier-3,6239.36,0
APP101940,29933.20193,18.65902132,5953.521871,0.198893586,Contract,0.2,2,0,77.85,1.72,0,Tier-3,2789.51,1
APP101941,41027.90736,44.77193547,4369.218876,0.106493827,Contract,14.3,0,0,45.36,1.51,2,Tier-1,10048.79,0
APP101942,49990.66011,45.54275512,1896.754994,0.037942187,Salaried,19.0,0,2,17.96,1.0,0,Tier-1,12245.05,0
APP101943,59792.50859,24.18749914,660.2414526,0.01104221,Self-Employed,1.5,0,0,18.64,1.0,2,Tier-3,5590.18,0
APP101944,35879.51999,41.07293472,5335.403499,0.148703313,Salaried,8.7,0,1,48.91,2.08,0,Tier-3,3623.33,0
APP101945,29102.22172,27.1292334,1890.447478,0.064958871,Contract,2.1,4,1,62.1,1.0,1,Tier-1,4594.23,0
APP101946,30047.81941,51.07732459,5768.742735,0.191985404,Contract,17.4,2,0,23.44,1.91,1,Tier-2,3913.45,0
APP101947,59299.16272,36.98427692,4944.056264,0.083374807,Salaried,11.1,2,3,32.9,1.0,1,Tier-3,4092.43,0
APP101948,64484.0148,33.09942354,1391.601802,0.02158057,Salaried,10.7,2,2,21.5,1.0,1,Tier-3,11084.47,0
APP101949,36352.42229,43.71886432,6239.247526,0.171632236,Salaried,8.2,0,1,35.73,2.18,2,Tier-3,3520.72,0
APP101950,66034.7543,60.7262946,3913.782124,0.05926852,Salaried,30.8,1,0,10.82,1.0,4,Tier-1,11249.34,0
APP101951,51650.27137,40.1050569,3743.003437,0.072468224,Contract,4.2,0,2,37.45,1.0,3,Tier-2,5590.97,0
APP101952,31898.15991,41.31715911,2015.182969,0.063175524,Salaried,11.9,0,1,46.03,1.0,2,Tier-1,5775.11,0
APP101953,58780.2335,18.70173368,5029.707636,0.08556801,Self-Employed,0.1,1,0,44.11,1.29,1,Tier-3,10203.89,0
APP101954,67754.10467,42.9807849,2989.950997,0.044129444,Self-Employed,17.1,1,1,68.45,1.0,1,Tier-1,9284.14,0
APP101955,48500.26815,61.30480025,7054.606149,0.145454993,Contract,20.3,2,1,20.36,2.17,0,Tier-2,8831.42,0
APP101956,55704.79816,48.51661891,5594.332971,0.100428206,Salaried,16.8,2,0,49.97,1.26,1,Tier-2,7020.04,0
APP101957,50458.9582,52.31456503,9852.889427,0.195265415,Salaried,22.3,2,0,22.84,2.57,3,Tier-3,2357.03,0
APP101958,48263.00343,28.54960456,7798.793463,0.161589477,Salaried,2.5,1,1,42.33,2.01,1,Tier-2,2986.73,1
APP101959,38755.16271,56.35542661,4244.498033,0.109520842,Salaried,6.6,1,1,61.8,1.56,1,Tier-1,2967.81,0
APP101960,68131.6643,57.40525789,7813.23983,0.114678541,Salaried,26.7,2,0,17.55,1.42,0,Tier-2,2353.45,0
APP101961,28991.42394,37.16515694,1249.347564,0.043093694,Salaried,6.5,0,0,31.25,1.0,0,Tier-1,5323.34,0
APP101962,35108.55795,40.74341282,4002.991276,0.114017536,Contract,5.2,0,0,62.26,1.65,0,Tier-1,3668.84,0
APP101963,28858.59887,23.69458972,3764.815174,0.13045731,Salaried,2.5,1,0,34.38,1.84,2,Tier-3,1197.93,1
APP101964,22800.79677,28.19825664,3740.900936,0.164068869,Self-Employed,5.2,2,0,53.97,2.39,1,Tier-2,4756.03,1
APP101965,29572.9759,39.2304778,5006.253823,0.16928475,Salaried,3.6,2,0,18.02,1.61,2,Tier-2,5241.53,0
APP101966,21982.01737,34.91551629,4265.173704,0.194030131,Salaried,5.3,0,0,39.07,1.97,1,Tier-2,2726.02,1
APP101967,45576.83836,38.67104976,4952.653346,0.108666014,Salaried,3.5,2,0,54.01,1.13,2,Tier-2,3505.22,0
APP101968,55068.66894,51.7573598,4852.766598,0.088122097,Salaried,13.6,1,0,84.29,1.06,2,Tier-2,3023.36,0
APP101969,56441.01624,43.20699111,9043.756044,0.160233756,Salaried,17.3,2,1,52.63,1.45,2,Tier-2,7079.17,0
APP101970,68047.92531,47.69451986,4023.064765,0.05912105,Salaried,22.0,1,0,78.32,1.0,1,Tier-3,15215.96,0
APP101971,36275.73586,30.30818374,644.3841948,0.017763504,Contract,6.6,2,1,13.3,1.0,1,Tier-2,2297.38,0
APP101972,52389.36685,54.96931281,10398.82059,0.198491053,Salaried,9.1,1,1,18.69,2.01,3,Tier-2,7899.88,0
APP101973,23678.37611,47.4664851,1779.814597,0.075166244,Salaried,20.4,1,1,33.5,1.03,0,Tier-3,5710.93,0
APP101974,37707.64295,31.34404787,268.2909708,0.007115029,Salaried,6.1,0,1,51.13,1.0,0,Tier-1,6279.71,0
APP101975,57753.56896,54.23591535,5067.449964,0.087742629,Self-Employed,8.8,0,1,52.44,1.0,1,Tier-2,6999.26,0
APP101976,30529.96329,47.60440226,6046.840845,0.1980625,Contract,20.8,0,0,24.45,2.48,2,Tier-3,5640.89,0
APP101977,44022.26874,31.1926268,1707.67287,0.038791115,Self-Employed,8.0,3,1,26.27,1.0,0,Tier-1,9229.4,0
APP101978,58533.88468,40.51896256,7832.443321,0.133810414,Self-Employed,13.3,1,1,67.57,1.16,2,Tier-1,9120.68,0
APP101979,33702.53183,48.14840359,922.0365897,0.027358081,Self-Employed,17.4,2,0,52.15,1.0,1,Tier-2,7432.13,0
APP101980,40236.87207,52.58077285,4354.314412,0.108217021,Contract,9.3,1,1,7.86,1.5,1,Tier-1,5567.02,0
APP101981,62619.15599,43.99946111,3959.611772,0.063233234,Self-Employed,7.2,4,0,38.24,1.0,1,Tier-3,13206.8,0
APP101982,50738.36219,45.99319907,9719.562798,0.191562407,Salaried,15.8,0,3,10.42,2.26,1,Tier-1,12124.66,0
APP101983,64466.76014,33.32714402,8537.369666,0.132430568,Salaried,4.3,0,1,29.9,1.97,0,Tier-1,8721.45,1
APP101984,64636.40219,60.886966,2583.106425,0.039963648,Salaried,17.7,2,0,21.16,1.0,0,Tier-3,10286.91,0
APP101985,22371.52219,39.14222532,2291.856428,0.102445261,Contract,13.1,1,1,41.63,1.02,0,Tier-1,3583.42,0
APP101986,67994.98847,38.62225938,7289.014109,0.107199284,Self-Employed,12.8,1,0,12.13,1.0,2,Tier-2,13580.64,0
APP101987,49640.0047,20.54240863,5760.858734,0.116052744,Salaried,1.1,2,0,65.95,1.67,2,Tier-3,10388.77,0
APP101988,42067.24645,24.27061152,4601.606183,0.109386912,Salaried,3.9,1,2,61.01,1.08,1,Tier-3,1104.8,0
APP101989,43662.09269,25.25260926,7269.596897,0.166496758,Contract,4.7,0,0,47.95,1.54,1,Tier-3,8237.84,1
APP101990,34237.57542,34.10165393,2658.090632,0.077636649,Contract,8.7,2,2,45.83,1.01,1,Tier-1,6857.02,0
APP101991,26300.44655,45.53938522,2317.393678,0.088112332,Self-Employed,7.9,0,0,12.88,1.0,1,Tier-1,4762.98,0
APP101992,30803.80616,23.25008412,623.0241528,0.020225557,Self-Employed,1.7,1,0,28.78,1.0,0,Tier-1,5672.52,0
APP101993,54421.41016,26.8219284,3273.631823,0.060153381,Salaried,3.0,2,0,62.96,1.0,3,Tier-1,1606.66,0
APP101994,24254.70079,37.75162224,2225.284643,0.09174653,Contract,4.3,2,1,74.92,1.0,2,Tier-2,2951.04,0
APP101995,59221.04487,48.51817941,1926.729397,0.032534539,Salaried,9.6,1,0,39.37,1.0,2,Tier-1,12328.72,0
APP101996,69516.12757,23.16210447,3503.176156,0.050393718,Self-Employed,1.4,1,3,22.83,1.0,1,Tier-2,16323.89,0
APP101997,44311.44926,28.0171669,5522.786693,0.124635659,Salaried,4.2,2,0,26.64,1.21,2,Tier-1,3224.88,1
APP101998,43756.0566,63.97179584,1622.722598,0.037085668,Self-Employed,32.0,1,0,39.34,1.0,2,Tier-2,6704.08,0
APP101999,69436.57955,56.15261703,7378.833599,0.106267239,Salaried,8.1,1,0,12.37,1.54,0,Tier-1,14234.22,0
